id,Prot_001,Prot_002,Prot_003,Prot_004,Prot_005,Prot_006,Prot_007,Prot_008,Prot_009,Prot_010,Prot_011,Prot_012,Prot_013,Prot_014
S001,10.971497459143059,10.125980479449149,9.23163521441185,7.697836489865246,12.303863663574369,12.378089204456135,9.135579296596426,11.892102558656843,10.666478827765008,12.765497855022959,7.728298475238651,11.302559530482252,9.92341893148258,11.951244863964078
S002,10.27409528731809,11.399585418773064,7.538772923324686,11.236623279938659,7.983878524783373,11.337616990819559,11.261084730767239,9.105747658549342,10.40655246331514,9.466959044147789,11.44158574034133,9.26033709999461,10.904438817499692,11.924059814425014
S003,9.835019520095576,8.51035924480531,11.5263861049656,7.416341008603114,9.342162521005696,7.311521229386402,11.182142017977352,9.362253967031757,10.624543354934723,9.709233707889043,9.700779760234125,11.606430721405069,8.509514024346222,11.56386962283532
S004,11.100081924030036,10.37389638783876,7.513028589159891,10.166705403592726,7.9210399422126105,9.140676823147968,9.340857202929666,8.888045744798053,8.661487622559209,12.533266411723428,11.87645641550975,10.48856850086157,8.193608799445816,12.63588679892945
S005,9.965736139918876,9.841252976659847,13.823312565963596,9.01338387520836,7.9138009808284995,11.111362096731071,8.950169739362948,9.108292319609562,8.223063166327787,8.427313470740387,8.65800803664677,9.1178791746109,11.693997020307028,10.046281127756387
S006,11.977474890798122,11.322978508753941,12.194375202023048,12.329169811692857,9.86979104110594,11.312387546402139,11.071158525678923,10.406565647205307,11.30826180273072,12.87065822290977,9.931980825397707,12.342174839781187,9.151353780765655,7.976926278963873
S007,9.272858790666415,10.453336064603757,10.734277421094955,9.961583883425178,10.311042567179788,10.643375268527564,11.721718915087585,9.900552149998981,11.778582221998368,10.71626815535713,10.234468363723591,9.910329636440718,7.124180715186412,10.11138430388916
S008,10.43602568913522,10.70468617625045,10.5438952480047,10.37442624318479,7.7281895490317885,9.067260646354635,9.635552851942416,9.99529404670282,8.031644266875228,10.769812864218666,11.251983987683055,10.126702078903913,10.364542611802085,10.256516932000322
S009,9.690633392636668,9.734429128729522,9.432266982721742,10.929503563689487,11.74215704143252,12.260069236292903,10.137150332747431,9.695961036231814,10.258326938291905,7.4496156365801784,9.940300053044291,8.186243678624864,9.994702637527794,11.573947744148175
S010,10.427733232249027,10.541242323723537,8.623825671328763,14.234441746935737,10.18571711668227,7.560830114917316,8.159874903772877,9.138059750863077,6.7451509690523475,10.911374496185948,8.269819640339977,9.453848067630222,13.289779949994735,8.992054781030403
S011,10.221236340783747,10.21501191741457,10.288164292876509,11.38663487308493,10.044489242514407,10.65531036641287,10.654778965813183,8.91832788341418,12.627316908612833,12.103730165732353,9.929474290704595,9.564886102507568,10.166786386541558,11.671169381926846
S012,10.17738197231762,9.712155273930483,9.629865197942145,9.593759954703964,9.864223501568484,11.348738396609562,8.884436732034008,10.823776491019476,9.933272465647308,8.8225131875725,10.27035428705154,10.600638223750925,11.732504099680094,10.214712801026781
S013,8.331458633277359,11.615851143326985,12.3822617937965,11.131449911934205,8.621685259780945,11.76428957837464,9.389952417551486,9.752303848105335,10.550216442197923,9.985288375559007,11.210527339910948,9.634376620283403,9.383659046668482,7.830531842981809
S014,10.53586972808958,9.384574895400648,11.79155371421889,9.637131847656844,9.384238012107552,12.735878137724004,7.278974726204857,9.798151725484013,10.223918484717814,8.342334525510934,10.61772078894925,8.607438673464358,11.650048504738145,8.500796561445163
S015,10.128067036639628,10.539581876875902,9.274742912960152,9.133759910826885,8.70500416530696,10.069137698935558,10.520148905193329,9.290621981942733,11.804408809757026,9.73544833937611,11.32618099873951,8.296923560727551,9.395448818586523,10.81695355576185
S016,10.647401323342294,9.691131421206,9.824446669038453,9.1771343364172,11.862236272213499,9.353623406282466,8.25860776784804,10.611248867420024,8.640091251823364,11.009121565401824,9.909755329046295,11.519027185049431,11.79878544429789,12.091086715299905
S017,9.820474252859267,8.306353864457142,8.3512686396231,9.632104522134417,14.027019648282433,10.150207869761175,10.400607309669793,9.599087912678277,9.94981176790025,8.963535732076139,9.59920605380443,11.44232178088112,10.097335198662105,10.149103438181902
S018,10.035681127146038,10.365988438233767,10.276072336688491,11.828213551154064,10.233214267177813,6.886282748492855,9.321710898635306,9.207411971033958,12.09460858810191,10.435146902145126,11.32689896140372,8.608755104806457,11.07058445567877,11.12248410922727
S019,9.381678462268244,10.546641895024111,10.372850618148222,8.599511483270948,9.79620478022835,8.520174148570936,10.149985705034547,9.838907264202405,10.588143451739231,11.059351870057966,12.02649764477071,9.068305042171367,8.910612227475294,9.667529277104725
S020,10.927120875017952,9.401591822974627,6.895851078719769,9.791720095855679,11.396396538313724,14.744613676324725,9.373054591114705,10.538965796741554,10.173808282564583,10.76769543121944,10.069632879964315,10.309223129817516,10.919274080244294,9.168771397011472
S021,9.446751463508551,9.3267170262027,10.201041284526758,12.011506233911987,8.122030725749232,9.008958823155881,6.283349971699195,14.543975466268915,9.223048147772086,11.203631907603457,10.311044187808077,8.40459706921074,11.778288204475318,9.215496119150956
S022,9.656954313369985,9.510004167131834,10.789646008775893,11.32019849876323,9.616090075533117,8.752519488574611,10.2898709400654,9.67968245847566,11.902278867088453,10.619505954819973,8.720304119382043,10.987711269518313,10.024237992857637,7.717720942647192
S023,10.403705337287608,9.581124305329968,8.719452115340445,8.98307764824449,8.235008109418803,7.541395218183178,12.534407657462461,9.577456305552905,10.388614469040027,7.59290321995194,9.240052298248731,6.7831866744733205,10.251811436729607,10.011173012694943
S024,11.220571862066624,9.086182308120815,8.940387063704673,8.801631918782821,9.777927322364693,9.855693889216884,6.664449573021239,10.019757519925998,11.077315033597074,9.620590077621449,9.754187083919804,10.043533581415922,13.185244587282652,10.33455557710691
S025,7.858837408086982,9.929075122547015,11.94950871489729,11.557811771593235,8.809326583709531,10.783258646633804,10.294882391900021,10.550772034952523,11.445583513282829,9.705721016918957,8.136710102343791,9.724066157957083,8.184125632049996,9.181221050517859
S026,9.907621738587288,10.759211591166405,10.150868232218153,10.8744685009517,9.907834785174217,9.750032735123263,11.086395694540872,8.621638815411666,9.691328476197294,9.180413774493827,10.045418440270412,7.738793094298333,9.992968587645453,11.128744632826503
S027,9.001208429261132,10.952702515958855,9.155888483116094,8.826060415718068,11.03544782840058,8.727939843271244,9.888195295806794,10.777409747666658,10.97886421111324,7.894409088092834,10.296820670672847,10.846210930982123,7.011939771333503,9.147857961270184
S028,9.822292920000333,9.950508139383702,10.30076459504012,10.144799818354041,8.840798016484912,10.126723343146574,12.305146486726978,9.681249001656818,10.423253395237298,11.205841871446934,11.2523016169703,8.816862317752264,9.99594447518124,8.927373879607966
S029,10.611310874287158,10.273360668740915,8.932113102677624,11.988489181515199,9.117082012487433,10.012117292313471,10.714652431571874,12.236777735483603,9.118807347722287,9.075349308456454,9.822187074385722,10.013213157022877,10.662467273651968,9.641675946828853
S030,9.170365931566751,10.853087696685494,10.412968308390885,10.536717929566004,9.204742160307257,10.464898572766781,6.21990029345927,12.068253864409312,8.529436048648611,11.179573750102016,9.914906600023397,11.307281575470213,10.243055889269348,12.126972217693224
S031,10.656620135436158,9.230119756441887,9.996181776970914,12.03799720999535,10.609371674986356,7.841558876923979,13.291646219197018,9.39140297782304,10.10892341635421,7.448131448940371,8.722649512192591,8.712762010669199,11.192142494147342,8.42786065533651
S032,10.644591583601665,11.166652778870617,9.377977134993913,9.996819443369585,9.729102168684044,10.345783135601073,9.026505509986631,12.803276481850988,8.696515718662903,9.031268786957718,9.616515761894544,8.420007413789797,10.062756396909123,9.710293705476484
S033,8.100156663752024,9.460105383177272,8.198384937703798,8.429814584469915,8.614252183798754,9.201712463326126,10.195773623472435,9.571180890501934,11.445466047963627,10.410290782166681,10.006064234404851,7.2681252481246545,11.363531563340652,8.707347687573886
S034,11.368966998865876,9.102503964958819,8.899823227384463,11.861338410161382,10.97630706065303,9.533905076077126,7.435741172168055,10.170128411998194,10.205135919322634,11.323497633569737,8.339028216467769,11.728903196437823,9.37827791317175,9.496586095879099
S035,11.904211269232784,9.613821505055233,10.853999257869283,9.402491114898302,11.60916966753127,9.60671701278578,8.539676819001155,12.179992055816948,11.990566792042019,10.692004529127214,11.411268310025276,11.058479120364117,10.403122451949619,9.51035799391945
S036,10.664687539438127,11.435600566015559,11.541875707337054,8.997593875260067,10.368659150491563,10.156953687591669,10.046259449429302,11.082687286758128,10.12468695250394,10.321062283178309,6.3224045595971265,9.011933398057206,9.625427349681118,10.46425820573574
S037,10.638999352084726,9.898894468550333,9.448196250260699,12.952210958896071,9.31862470172375,10.769660880019984,10.87540481623185,9.641091579167824,11.543701351060246,9.786763794091558,10.489524629419472,10.992722592260003,9.003889343440564,10.658528097367023
S038,10.778997366831666,9.41452007749967,12.660348965239224,11.159030511937765,11.088845920625916,10.45323994378899,8.670452964583067,11.379598282499105,11.174773071100779,6.927059893038275,9.406777421454466,11.183056152346188,9.836304847758624,13.200298041361865
S039,11.564759121534548,10.084670954852372,9.688551802265655,9.828562607846315,10.441642206774432,11.182590317711652,9.985621940320664,11.2956193053273,10.386811056319603,11.151534545652902,10.89178316511605,11.548868079142805,8.948541050183094,10.256921026559509
S040,9.842611570158258,10.516477335519467,10.729609235459417,10.671677993302607,9.708936019792532,9.96553791159294,9.731123408497307,8.637304187086333,8.918350820556848,9.595770297544256,11.111385232799782,10.826245689977107,10.742143609570128,9.08064362072196
S041,8.138751623721978,8.895459845936909,11.273479830991484,11.241317538719876,9.926871197484957,10.06394004822646,11.671738426066153,11.645426139800133,9.715610747325172,8.65218040232544,10.217275837054574,10.12103420520462,7.449679423543785,10.069731928810935
S042,9.269272498785881,10.8770437392717,9.83158687331845,12.792953404495364,11.831023932842202,9.26828349661618,13.107410254349238,10.25150601681856,9.120034378937023,10.184115327245465,12.292401766426051,8.847876657316139,10.200624759500014,10.656639582859894
S043,9.071283811346285,9.741170589418642,7.921899300938348,10.417738727397941,10.468272861043765,9.018777098041244,10.441855131018977,9.312015486324265,9.786675011229026,10.590711497752686,12.73744144214098,10.690460726615242,8.353525953026036,8.491473448676686
S044,10.454717831474541,9.535522769727198,10.55903472335941,10.348647547193083,13.040362887493242,9.767977383111743,11.353076434493278,8.331896248869814,10.85360329270156,8.666170241977827,11.173161691026472,10.04182560520086,10.895234518492385,10.364806442744468
S045,10.342472412260424,10.79479435704443,10.74396848074123,9.422748346323782,11.816247063402121,10.483640579533105,9.787639734104197,12.458585960719057,10.556310496099698,11.254928038983277,10.784979684361025,10.773309589579247,8.059395169833804,9.920804128710419
S046,8.940698421360334,10.234725351057142,9.705998032216124,9.560293910681244,14.309663422099213,9.462276181895394,8.158361313179697,10.07128469342183,10.681206007696447,9.525165187034,10.644942232648974,7.322287247938474,11.49412827661712,8.5774234697627
S047,9.011135982867017,10.198461451498485,9.914771161360145,11.65742200579464,8.357701068777207,9.631988575619694,10.608368702652898,10.100298317855929,12.206052943228611,9.373344331395774,10.873783520859506,9.68178090815214,10.082137898355736,10.916357036199713
S048,9.23162218419493,11.565393497635519,8.790636884816859,9.582873476022334,10.246462473021744,7.862354991788267,12.389589824812441,9.26645519530961,8.74344026021865,7.488643567021415,10.689718586455935,8.0962139654083,11.636604661088306,11.113472535492367
S049,9.215023350294622,10.274902977258163,10.004444293893826,7.559868058365808,10.757388582573178,9.64360575322038,12.087153659315563,10.330198181170633,8.547852390775613,12.083213874631458,11.708196947637285,8.476660711521497,11.00189318475964,11.160926306499897
S050,9.66974394675725,12.025859642132874,10.062792931960319,11.452923225284476,8.802390996350082,10.300473968135305,10.4286664391405,8.042531897633907,10.683935232506386,8.750623572179332,8.747165624506803,11.475836941583164,7.609271605793065,9.526197880224581
S051,10.483164492120789,9.209307612353776,9.701992557482498,10.432343666446643,8.68357824901943,11.194823988414335,10.102024591882756,8.832681453089789,9.366664824474228,8.36105521416794,9.887068310379524,9.94074201955892,10.926203495359651,10.62508076384579
S052,8.995971302709302,10.247735400765594,9.916899840134933,9.359932310427237,8.483747048214727,9.161919568398234,12.8527735718717,7.376507078053185,11.680247828408998,10.549789901581258,7.050831321816521,8.048714766207972,8.940257748790174,9.02821192419714
S053,11.089429080767506,10.675708267911723,10.787596332803798,11.959701250780636,11.280747057713093,9.349010504095471,8.731485768543187,10.398905351491303,10.9048700443019,11.335814699916284,9.925026661854062,9.569223674455063,9.588586609712802,11.11275103225762
S054,10.869053378165217,8.255997586449402,9.252752029289596,9.709885375981775,7.796317550404547,10.82938397582127,10.277579463586132,9.7028963004229,11.021751332472776,8.595306114778705,10.246129874864907,11.758844725718578,11.155410836381844,8.926409078174062
S055,9.504610832695205,8.841953827958934,11.520741618356658,10.635765932222554,8.57064516105957,10.446680658839671,10.088447855275698,7.372848891110818,10.866369484778925,7.228544178019392,11.831571861570527,8.456256526630844,10.40157702738518,11.232276676510102
S056,10.439398777054423,10.739530645738466,9.579277363540477,10.746786018279096,10.35905021583301,11.309621149627128,11.250257641408158,11.040262669576824,11.532232990573963,12.904670510584815,11.117185621841337,11.891131332903646,7.632633113583337,10.964045632994376
S057,10.926964516853339,10.066677012289507,9.67652334987748,9.754450345074329,11.5092611028337,9.948068277016135,11.412990701146613,7.701743518456147,7.993912025799322,9.631119012681705,11.753559874288555,12.270074155636488,10.44218502721746,11.295787423550987
S058,10.045195640089416,9.448070379235798,12.551541569756623,9.623726372794964,10.566778433922112,8.032415618485805,8.81042319128661,10.260458133336117,10.847565009834536,8.700022070715661,10.687654335883389,11.453424114337967,8.321115695442007,11.450851986650472
S059,10.443134225370372,9.890778734210228,9.953925038382378,10.92063343840444,10.685964360100542,9.51861829608287,9.863096290168514,11.087344934904666,8.431587106381706,8.636692783287106,9.402518226874106,7.758415759890282,8.539686418683123,8.463302854352733
S060,9.606569033549475,10.540784518428383,8.602770327345684,9.181336520627417,10.753900875658895,10.587594738972326,11.34336384730777,10.786579125278987,10.070750129720231,9.257143288885462,10.339532787242922,9.940374806113248,9.859952325706843,9.91575630199147
S061,9.359240912050948,8.4281571231976,11.068917816138564,12.1307766647242,8.708700274715547,8.646160192104134,8.765267500349715,10.143367954003814,9.677706981005157,9.658027173749483,8.642563728823703,9.291457878994883,7.7205082872427315,9.77180438608273
S062,9.449002443748205,9.75464374808117,10.20412215720564,9.960249816577793,10.846813794910629,9.461448203793278,8.37821532558188,9.824667659377006,10.004500142075536,10.216974782632933,11.616811941649129,9.717940419134578,10.108117424124051,11.765887828974543
S063,9.920697955935454,8.971222772802179,8.315130383931862,12.708810016813231,10.065855255397475,11.316645010953595,8.721516422245672,10.498797184731878,9.89690531146443,9.082562777562352,10.662389375132047,9.620910455844419,7.5140366849698905,10.15027316489606
S064,10.787454861688891,11.280890421164546,9.78217338796905,11.820737121934185,7.958019539928668,9.859994263170643,10.974512305230633,11.067972728258335,9.792143345922813,8.8902235351034,9.850134500412082,9.620248670596279,11.711596264980733,11.670387570672707
S065,10.672127896352759,9.774965532224993,7.860393142930007,10.03695127369383,12.016665172338422,6.5958311346408465,7.319958054706477,9.484735819747884,9.827002209996309,8.012235186860552,10.278580103083574,12.075415358434345,12.092249217609925,12.042109205081962
S066,9.740080543805641,12.009754817352967,8.539127492837274,11.40394293139942,9.419666080764367,9.983783751876807,11.81966912405153,10.935998977019073,9.591268165406433,9.37982453193209,9.455526313522864,9.013893608913474,10.667853773208336,8.85814704334298
S067,10.593940571077349,10.092189907849576,7.997582096143722,7.363543262688355,7.561973962474648,9.636024502947583,10.515029467329732,11.737178046947028,11.332644504713418,8.630506638710283,10.415036165281897,11.170610734600464,8.51000263501259,8.662521845288836
S068,10.43931975004378,10.121124397638992,10.928996604598316,10.502550407775084,8.76244750513032,8.878344887869185,9.783481430532069,8.935901008024116,8.275270484875005,10.417293539289624,10.8917929566196,8.705175263727634,9.572343904098318,7.252041814549864
S069,8.805763845437358,11.87234115511973,9.680361013567646,10.937372120104405,9.714722045904663,9.496123907591098,8.985387035709929,8.866907844278678,9.879274786273026,8.412404486636692,11.452359364269919,10.145288003623023,9.904477983923742,8.79483579588971
S070,11.7391021401782,7.866396518762636,11.739029280089293,8.914720211441466,8.256982076569962,9.548539388621723,10.756104780333157,10.90149497714116,12.26063557050967,10.364755066384552,11.79819466204205,9.732852050748082,10.580052842487763,11.225539270192375
S071,10.06641313206395,8.80710784726251,8.700807641572755,10.464441802440312,10.69010111701479,11.703527374718757,8.109837517285733,10.670646208632888,9.191283614265446,9.200715045315782,11.718310251042606,9.401705009115132,11.562993718083224,11.032461335946412
S072,10.323087590411852,10.988553339375638,11.160082534717013,10.780420949861869,13.41389214457865,11.240074952270348,10.15176412631739,9.119910991983621,11.469673652957542,12.871380343635948,9.867846751357963,9.027801135326717,8.751504097700554,8.35442702449664
S073,9.752754180882118,11.846055103747052,9.915911113904377,10.541003262259869,11.144041286679263,7.954391124776712,11.2637477276592,8.413647768805959,8.736686027847755,11.924914539699202,8.665708320929966,10.890003688707685,10.098917517458606,11.308464019990764
S074,9.114324479005091,10.591687206411628,8.932367408055052,8.804119315508407,9.661348443414605,9.79835557332182,8.87065756917319,7.607006849128302,11.286643144582536,11.914125664833996,7.8514036799883655,8.136593525253529,8.786006988914844,8.629706774024886
S075,9.977432436357484,9.579043918389242,9.33342752356607,9.88385111604205,10.449440097536334,9.231913335346652,10.555902940408629,11.211437570041797,11.574652363107258,8.46439957274312,7.9370781161753055,11.800947260963408,7.462373597426905,9.108001719942912
S076,8.339128014606946,8.975704164627821,8.344306517069214,12.349986847546388,9.285812970564589,6.873286657866501,10.418394158674491,7.974517457430024,9.131927417840581,8.285187698980934,9.356416817396402,8.072655601720573,11.803618700624599,9.597326572006706
S077,11.110394107809759,10.640462306450294,11.596676416334175,9.494382200034716,8.138678641873248,12.497370734735275,9.488364956824704,9.1834551128091,10.354287148965723,11.019944072721186,10.000562567244623,9.571515217814907,10.687279131999803,10.133806548480269
S078,12.058728004110952,10.566806094225733,10.84938425416203,10.915425675667166,10.957182786405081,11.767423014532683,8.30743667601995,8.701267754483428,9.94716662364001,10.80824563104814,10.587443894944114,11.201592892311773,9.645437457406139,12.220257885144346
S079,10.23515153666872,8.705743926918501,12.35481851684131,9.157350448545262,10.940068027935592,10.774675175479858,10.418528149813975,9.57605808484571,9.72487894909469,9.058064420572896,7.128711287952405,12.808804890994907,10.009413125027962,11.724337090788449
S080,10.498051290466329,10.491471004541948,7.548382790345521,8.813541428427579,10.856819168789956,10.820889403996677,11.007616885201495,5.445361769343776,10.482005953010834,7.302884898931237,10.515322048325277,9.78450949628001,6.679969510624389,9.382390009790633
