sample_id,linear_signal,negative_driver,monotonic_driver,outlier_driver,null_a,missing_driver,constant_a
S001,-2.534126043707008,-2.57188598930195,-1.998941088611347,-0.2875187205178508,-0.08495279747056474,0.4443338343482152,1.0
S002,-2.469977978179652,-2.416899548417622,-1.9560189455946169,-1.7436895606269351,1.2399725888744344,-0.989653302104683,1.0
S003,-2.416606265958827,-2.395044374303678,-1.9039987365997026,0.592113636125676,-0.3305638672139359,0.47213622355811596,1.0
S004,-2.2255040348898034,-2.310832729673212,-1.8849125631731833,1.2564452917685087,-0.44737633248454073,1.2462213783882574,1.0
S005,-2.286996415972063,-2.250348426404159,-1.770311707778692,-1.1177069023158388,0.8313744251733245,0.7511813261630732,1.0
S006,-2.1368343091447226,-2.1813662447986135,-1.7951451977805122,-0.6464521741908473,0.9887711010879526,0.91878488718501,1.0
S007,-2.154989307328189,-2.1766856653744826,-1.6681311085785127,-0.8866981851919735,1.6929637227351773,-0.7229303339436659,1.0
S008,-2.0171061125258047,-2.099232308230457,-1.6027584414375269,-0.8286460947087131,-0.061515980876822196,-0.05304939660734161,1.0
S009,-1.941160879284697,-2.0163337797125203,-1.601102824722419,0.2295467172788807,0.3961905565254773,-0.15601740627065672,1.0
S010,-1.935823538573152,-1.9097872990619367,-1.5558244004126647,-0.10541554846557068,0.2205264908240494,0.046215905803354204,1.0
S011,-1.8506310375045416,-1.8619193732182275,-1.4822797091922035,-0.021886435244346938,-0.7229877358157495,0.5285396578608684,1.0
S012,-1.7763335783836098,-1.8394595322158145,-1.4329427254189582,-1.260744441483083,-0.09977118082686691,1.0515300966854442,1.0
S013,-1.755730489684431,-1.7374466461642477,-1.4713913909185967,-1.5295086112785823,1.3741157176864645,0.0029023289776735493,1.0
S014,-1.754218567540891,-1.6386749268871657,-1.3353399447986247,1.1042178754363443,-0.7677376290952157,-0.23321851117894085,1.0
S015,-1.5963810564255663,-1.5857518365804726,-1.3000028551461047,-1.990519775139911,-0.21328134173670787,1.1071679255615912,1.0
S016,-1.5249571563444433,-1.5803357119937367,-1.2041818244676732,-0.7119332133805925,-2.4114398853145476,0.7439098911799176,1.0
S017,-1.5669292101299952,-1.5494436050613167,-1.2077483148783905,2.0337875755935584,1.8691104803803291,-0.6402499206311778,1.0
S018,-1.5299927840358738,-1.4011779625312042,-1.0964393736472966,-0.3020149822979248,0.1018575820911036,-0.5672175070129609,1.0
S019,-1.3601667888742048,-1.338143306808921,-1.0698650080203256,0.5644386122047187,-0.8900679389302668,0.5042573006190798,1.0
S020,-1.232505588986724,-1.3526025057962319,-1.0028782549864665,-0.9807397626305591,0.2887351747669307,2.359219175083113,1.0
S021,-1.247172385019764,-1.264608827864757,-1.004300106851655,0.7184089998195001,-0.34005048206376565,-0.5243241296087354,1.0
S022,-1.1916042368202253,-1.2256781033112563,-0.9197006611551596,-2.55971766418048,0.35100070025469965,0.10523218615247178,1.0
S023,-1.1048707176027028,-1.1267911585670076,-0.8948261813020876,-1.0165442105761107,0.8444778863131601,1.8509279246797048,1.0
S024,-1.0317389474491676,-1.0117180715407148,-0.8065975058434357,0.6859542266070956,-1.7072423318582077,-0.0298565104972683,1.0
S025,-0.9660724311085138,-0.9886076255567188,-0.7420670692739874,-0.08780593049424147,1.2715365164243784,0.43953297577976536,1.0
S026,-1.0106662884950084,-0.9107416964538226,-0.7347255192470673,-0.9944598028848396,2.0937734707757873,-0.8755173779161901,1.0
S027,-0.862632611304618,-0.845793867865478,-0.7281339658838218,-0.24975181130383411,0.5566478223034395,-1.6722129689195728,1.0
S028,-0.8323887333094413,-0.8092335827667262,-0.6308694744755409,-1.116121170575198,0.9418643037002342,0.508681475057525,1.0
S029,-0.8284721748971541,-0.7018082099203168,-0.5660988043909823,0.6123252758935238,0.7766373827376608,1.3767261607053567,1.0
S030,-0.6408735381868229,-0.7135705076572556,-0.5172948627493811,-0.2818544970723887,1.582135436506576,0.8402153177887529,1.0
S031,-0.6667121701008942,-0.5517701694853585,-0.43466597515428546,-0.13052371138268515,-0.5579989954768988,0.944692797687535,1.0
S032,-0.5413468877786318,-0.5658101893762653,-0.4357564300524147,1.6242275921197598,-0.04143361601426307,-0.43163032878225066,1.0
S033,-0.4771484502568581,-0.536365579135728,-0.40403176737392243,-1.8446178847497425,-1.2181394441457565,-2.073301807692377,1.0
S034,-0.3093776985793843,-0.3814734292838496,-0.3337073988331051,1.3285289874612192,-1.1826326324407477,1.4879301592660197,1.0
S035,-0.35076092798080316,-0.33520386456598567,-0.2874473207744714,-1.1448573547879182,-0.7115018989322721,0.6310154149734062,1.0
S036,-0.3108447822756408,-0.33786922934189845,-0.24219203830178,-0.5277277267588754,0.7022058880064034,-0.4458316859687587,1.0
S037,-0.19498480863886736,-0.22045450185377857,-0.17803290866832439,-0.21784681645428694,-0.9150580411103723,0.887279496753047,1.0
S038,-0.19431892660914407,-0.10447365873885278,-0.1207990917296503,-0.7756129127474986,-0.8446336594966052,-0.19970387270157158,1.0
S039,-0.03664022771150155,-0.12116100827580932,-0.06405933110289655,0.8030425243847288,-0.06474442253757072,2.3618323155318315,1.0
S040,0.029205311884851322,-0.060739312128685656,-0.02850205800133387,1.0004997743424744,-1.5023577786755156,0.22766820426530693,1.0
S041,-0.01217734163116515,0.03785680889690885,-0.03067784950121359,0.13838070233628774,-1.0180738755781613,-0.44186550759549975,1.0
S042,0.09560378643385982,0.0325833864772721,0.09790960636996686,-0.47322394451440597,0.6925174965737805,-0.55462171166771,1.0
S043,0.13939765781701477,0.13199895038932527,0.15875758714473814,-0.10755222782083126,1.082460085741597,0.5288980064634528,1.0
S044,0.2047692872611095,0.20183376765334485,0.21315757256097878,1.3391802365797982,-0.005841337938061794,0.9486696398408165,1.0
S045,0.31303275846022877,0.31203571778756906,0.22525785679464697,-0.5876402367496474,1.399224167496268,0.08076851770360112,1.0
S046,0.30003915134465003,0.382037427741389,0.28709009337816926,-0.12903152700346818,1.149838797914198,-0.4761591200031649,1.0
S047,0.3982055138944748,0.4153077109477195,0.32882162632851086,0.707955474673451,0.37802927163139427,-0.24157906776364077,1.0
S048,0.42301392617530015,0.47815497118934636,0.31195231274195584,-1.7391515924919099,-0.09954013012149139,0.7120170637931369,1.0
S049,0.5335352694440538,0.627307008558791,0.41530612976749604,1.0881902610626917,1.5461553321556925,0.20665485725766491,1.0
S050,0.6354601649317108,0.6881193894781023,0.4625299382070984,1.8826644522038052,0.7530644357065638,-0.5004964737927052,1.0
S051,0.7259421164075339,0.6461282085831879,0.4718459714708386,0.23062800397854838,-0.40231956307290323,-0.7753071056416618,1.0
S052,0.7726107292498338,0.7256245156720856,0.570219135911076,-0.7183850544146057,-0.5919018126698573,0.42675325027812244,1.0
S053,0.7866375021389722,0.7587639080763648,0.6758782980592941,-0.5699176147820098,-0.9690666219817755,0.876851225922585,1.0
S054,0.8625234340379595,0.84471857292709,0.6645015858064931,-0.2438288677381512,-0.3477942171014689,-0.35359315464566005,1.0
S055,0.8578120162283855,0.9537126421678012,0.7513458149715617,0.01198542332509163,-0.08314254702812235,-0.36556307548481826,1.0
S056,0.9612590425260077,0.9582980202187863,0.7733309841602783,-0.8881044820124339,0.23638619116321233,-0.4782171511580285,1.0
S057,1.0313419129112362,1.0336962709639235,0.8616679777831212,0.658984741879082,-0.4695270413952203,1.511251980197915,1.0
S058,1.101715251804714,1.0676771812680244,0.8461216568413404,1.6910993587264813,-0.6785827012908866,0.9543092660990886,1.0
S059,1.2411551190340013,1.1880790408598625,0.9556803814070748,1.0721770934029584,1.69331130055776,0.583914817778326,1.0
S060,1.2613855179394378,1.2283947142593417,0.9885808429560451,1.4259852492326535,0.5631050228542723,-0.6287880172651582,1.0
S061,1.2894905870854174,1.256811731420313,1.0312614398061066,-1.1932619773898332,-1.2247719347137103,-0.2541780153408885,1.0
S062,1.3392088461184883,1.4209759356752225,1.0966687281633818,0.34784160335625564,0.45257624134397206,-1.9464039484208084,1.0
S063,1.460945357827946,1.4442488865057888,1.1257149833117919,0.312609508864344,-0.07675752127608387,-0.9629067770306506,1.0
S064,1.4848148488298336,1.5446038372416364,1.2027427535824469,-0.5088657836806036,0.16086968917353509,1.5790555077749495,1.0
S065,1.5898697600501468,1.6054548739065404,1.2501683722282255,0.8659338963036975,0.6473528518843159,0.19919192030297614,1.0
S066,1.6956819987279692,1.6692512574367444,1.2847560814063073,-0.9987198040515379,-0.02856524542197539,0.10101428726416259,1.0
S067,1.6777418503928758,1.6260987296556484,1.308177634375358,-0.03330796910948534,-1.24514733535617,2.721001880625836,1.0
S068,1.7223759883648828,1.663052140444268,1.416968843665565,8.0,0.9312875681561886,0.6507846343636209,1.0
S069,1.8138201888416121,1.7999724483578472,1.4520325272531165,-0.9265492458931032,-0.8123719814329368,1.4315755182370316,1.0
S070,1.9067806844226998,1.9141728385509547,1.505538968906822,1.3006548465520853,1.3130825561348107,-0.3659518165969337,1.0
S071,1.9549971274741982,1.9524752346722383,1.5437940794457292,0.1653837390275661,-0.6595693143571499,-0.4597466743102849,1.0
S072,2.062138485753516,2.0781255813766304,1.621635753961194,0.5203614819664855,0.4147378090943453,0.24307434984999707,1.0
S073,2.0751989824933723,2.074747951992289,1.6767111531967802,1.616446936068019,1.3397956582719674,-0.09981586705292242,1.0
S074,2.114155201591304,2.1244506324040326,1.6598304213674284,0.6681655792618891,-0.4539030240906788,0.636835322447482,1.0
S075,2.167703261378941,2.176145213623591,1.8347449317253388,0.3036021889214901,2.7062511431518863,0.1202009020807285,1.0
S076,2.2085865606176704,2.2252956751096913,1.7617404565113872,0.19149073899892813,1.4742651533689102,1.811477865591953,1.0
S077,2.3302762808660007,2.325926330201456,1.8023553805979373,-0.4434445213624042,-0.5063869244305739,-1.1955214242183128,1.0
S078,2.421219762863113,2.38429272365801,1.8634855256143974,-1.3204425340401746,-1.3014419601707357,-0.8985513978590829,1.0
S079,2.388663671952724,2.4182602242734026,1.9188261825142412,1.2044713828240636,-0.9570628976089689,0.7030265677714715,1.0
S080,2.4242907837691874,2.5478307747412456,1.9957369446098046,-1.0520792636076963,-0.9708690588450898,0.8515527140094449,1.0
