sample_id,linear_partner,negative_partner,monotonic_nonlinear,outlier_partner,null_b,missing_partner,constant_b
S001,-4.268940225227483,3.8055577685233963,0.0778034938762358,-0.1491549289939329,-2.642921742268113,,3.0
S002,-3.769292875191321,4.303394711720396,0.2144943143945974,-1.6569362849747638,2.305752421530979,-1.0195626051878113,3.0
S003,-3.910127211825687,3.612386646518256,0.2604517071227766,0.8677041663029494,0.26996625196095275,0.3813863827010762,3.0
S004,-3.700366592235403,3.5084580372472374,0.23326757807666393,1.081895070635981,1.2585875407633638,1.544307519194989,3.0
S005,-3.6872944923648143,3.285617270304406,0.2690500813667655,-1.1848296093419197,-2.8648083298025444,0.2534691438433989,3.0
S006,-3.7295157648287733,3.4806074395772995,0.14374584184964154,-0.5968784689284355,-0.7258424935769445,,3.0
S007,-4.184545503375741,3.4980173996773347,0.3861139559446411,-0.8909718826629861,0.8005645798451678,0.03190692991509758,3.0
S008,-3.186121897867097,3.723117773614173,0.35598233215725505,-0.8655084860266303,-0.035364247931242224,0.5586286891576158,3.0
S009,-2.95599104007116,3.2507143361074515,0.14637489986846883,0.34924320182709834,-1.067631287998756,-0.14693502102026335,3.0
S010,-3.2564019305072893,3.0571926995469854,0.1087943742215361,-0.3942795992054483,-0.9235354145085464,-0.14574380416902669,3.0
S011,-3.7531444376322654,3.2558193667037654,0.2811839218135787,0.09320700264308897,-0.1569017359805202,,3.0
S012,-2.864067212087912,2.9826525654091283,0.21265674756267844,-1.3935050464030003,1.0900787342795168,1.608085082444652,3.0
S013,-2.8869367662440477,3.2824334120779293,0.20662238118071796,-1.579975557252677,0.6339651068376319,-0.7857410902148884,3.0
S014,-2.908612257663712,2.6979457979594974,0.42869724499321754,1.3283655467243642,0.27826152206881666,-0.5446954029870433,3.0
S015,-3.0313330249256754,2.248035451941012,0.4083602642575139,-1.8481779664282691,-0.20515300100737313,0.6330324810376112,3.0
S016,-2.116055256303415,2.101846451606568,0.22053886810329704,-0.9463703685874536,-0.3687024453954691,,3.0
S017,-2.5955557509840577,2.5543983476699688,0.3938963007439345,1.8197734322092112,0.37116100408409514,-0.3508200439721125,3.0
S018,-3.0626146922335575,2.35123593887157,0.42078000229447,-0.4709505212006352,1.2457493650625553,-1.079226615789581,3.0
S019,-2.196817594370707,2.266792571431097,0.5642757759123664,0.6933278113918238,-0.4559531236333612,0.4972720092483207,3.0
S020,-2.0788317583416984,2.512199315279525,0.21989979883155228,-0.8341387761894636,-0.6919865546217902,2.3726199114696542,3.0
S021,-2.16549684730027,1.4086109776676397,0.29301409862559263,1.0485632988237443,-0.3558708408484024,,3.0
S022,-2.0938452494822353,1.861115554509146,0.3398815278241584,-2.851375488331956,0.204707150168759,0.0039297850970522324,3.0
S023,-1.3781154822842465,1.8719322703618555,0.4055554302770601,-0.9087728842782231,-0.13288014816326002,1.503010375566566,3.0
S024,-1.8240842928975136,2.008316141413691,0.37965653683907347,0.5890582229047516,-0.42752418133950204,0.44681051183269466,3.0
S025,-2.0351641138384355,1.7679645899160459,0.67355920803125,-0.09396361807181607,-1.7575150389442642,0.6820235807600956,3.0
S026,-1.7509861035410665,1.8626269697709161,0.5444503330100975,-0.7200194079118687,-1.2917263585860308,,3.0
S027,-1.7346905265441146,1.1904376079853027,0.41991413593859594,-0.4955945775965278,-0.9778147492548674,-1.216423110762812,3.0
S028,-1.409860370981837,0.9289321550644551,0.5301095871531337,-0.9670395062150688,0.95210469035969,0.4494675030045669,3.0
S029,-1.0627251057992337,1.14013236913783,0.723246430940431,0.4888503537958194,-0.16719196028322003,1.7610382254021832,3.0
S030,-1.0411528740515632,1.1986897983888631,0.6386791717520798,-0.7434928990587328,-1.2035767419295644,0.6407661608040689,3.0
S031,-1.3927145350675811,0.9700992545554742,0.9443184483290423,0.2076632704044658,0.7640783662768932,,3.0
S032,-1.369326978018843,0.6100649515186252,0.6859067571581388,1.8187859701311462,-1.9503426363797802,-0.7843815962947766,3.0
S033,-1.037841327298699,0.7675116724747213,0.6299183921428819,-2.400415238717353,2.51598610246846,-2.231777888634115,3.0
S034,-0.7063628777034955,0.08460920476843947,0.6683966947364983,1.312339253676773,-0.5978785275515263,0.8998810206643018,3.0
S035,-0.6462518955641156,0.7207358831588425,0.7071091911028294,-1.1417175203377985,-1.3527577034256366,1.014454192663425,3.0
S036,-0.060982766729268056,0.3270917379117948,0.8738765032816073,0.11598218728275322,-1.768135599291782,,3.0
S037,-0.2544517673926562,0.35645336204953226,0.8971304531363793,-0.043645471753053194,-0.1791176139562397,1.2722992295921678,3.0
S038,-0.6567134826549699,0.018362808991018914,0.956431792188068,-0.9838162855110298,-0.7629904794102073,0.19950429251628993,3.0
S039,0.1610042237414046,0.6240379739814974,0.888175636106527,0.9101836283126723,2.045449061427202,2.9757416165582162,3.0
S040,0.0845539674411824,0.05617231693623179,0.8825089042029813,0.3824046047952637,0.5336944587737062,0.13357459684788323,3.0
S041,0.45141669657878725,0.31510147144984685,0.9194164016464978,-0.006820257146041814,0.7594946878924624,,3.0
S042,0.283021682917454,0.1160434535113524,1.1282730703858026,-0.7847180872800781,-1.3285370240355208,0.46449717247054445,3.0
S043,0.27143216217631694,-0.01644093081106618,1.1269699729638742,-0.13630769124021413,-0.2938902271597111,0.5827907919502691,3.0
S044,0.30214037369447033,-0.7465638438419984,1.206945615218935,1.3774253166444803,1.9301982363428634,1.2586208285782563,3.0
S045,0.6196607438501275,-0.48557408680703584,1.2729083810410262,-0.2094594029055183,1.2711530568426772,0.031293170835425356,3.0
S046,0.6073570032801536,-0.7274969905767185,1.2737990463371778,-0.217862125535083,-0.5096630036428412,,3.0
S047,1.0131634769399054,-0.16429847842734258,1.2907166998177892,0.4538326771637859,-1.938109170274092,0.24556372344676541,3.0
S048,0.9478754994006211,-0.9247763577708729,1.457772567807143,-1.9694317139572206,1.039212128126879,0.9652477897513082,3.0
S049,1.1760247772859949,-1.077455437138736,1.470282202628164,1.2226311787440605,0.49583163701322325,-0.11886127669366281,3.0
S050,0.987008488952802,-1.179780918991751,1.5059701890923043,1.6337372247721933,1.149608457825038,-0.2661908337070582,3.0
S051,1.0530940965148945,-1.123879650940294,1.4498621604603534,0.10017426111514932,0.5380211358369217,,3.0
S052,1.1520739386480308,-1.3704512059158436,1.709804099882549,-0.5391332842017635,0.9221980828148854,0.6136426666700556,3.0
S053,1.0039071961543662,-1.5641171882072988,1.917729617049325,-0.4840512616583305,-0.3442088403242022,0.568900694728706,3.0
S054,1.26622798180964,-1.6524567584062053,1.7522239551250256,-0.23630901953555364,2.665936461561164,-0.2880005175554208,3.0
S055,1.200929678862789,-1.3485899947019502,1.8870836433119274,-0.13977762042116804,0.29115239149295585,-0.4676345068595964,3.0
S056,1.192657671348937,-1.1145959595502615,1.974370515452674,-0.9616447077837693,-1.8850184404632382,,3.0
S057,1.2367398953690467,-1.8133679058942307,2.0796935730621176,0.5949613060969499,-0.042400541706003776,1.5192523728221152,3.0
S058,1.8801630999262322,-1.9962172189132095,2.040153880026825,1.654919945074286,-1.3936958272482998,0.9148468226898951,3.0
S059,1.629646383859456,-2.2615713689991908,2.4057985846831684,0.9789945656284671,0.25704201702485074,0.5178573154798767,3.0
S060,2.295514985945622,-1.8567691353996285,2.472125631184618,1.6984360797935611,-0.39478136333506086,-0.2253906073478617,3.0
S061,2.299364985442914,-2.138129255043971,2.4520354584443416,-1.238720052600262,-0.7013306602678382,,3.0
S062,2.103657279327692,-2.522560849612486,2.8087219380151263,0.4770762951293612,0.13304113954607114,-1.7984143496060343,3.0
S063,2.6660438730706,-2.4344775013937903,2.9034680460498064,0.5535601000033428,0.5870055301919203,-0.5009207242076301,3.0
S064,2.7669151088626878,-2.6794964220468565,2.9675827542459214,-0.3540322622921307,-1.7126575959996542,2.259599515302952,3.0
S065,2.731431358108515,-2.4157937553850863,3.1833265260746257,0.665402706790257,-2.5244156872689434,0.1983701740064128,3.0
S066,2.9034408421247355,-2.7718773801916443,3.1751711572362398,-0.7697522120847304,-0.2953914655957211,,3.0
S067,2.740171729678178,-2.4649307252301322,3.3030127758819563,-0.15226482234930774,2.263320288565356,2.6998324333383454,3.0
S068,2.9580180918637202,-2.957733187837331,3.718404152026567,-8.0,0.5584263560727961,0.08109935947269997,3.0
S069,3.2788558649109936,-2.9576813247125107,3.7443576669872654,-0.7931094995425234,0.2618441918506453,1.404884245089255,3.0
S070,2.897924668192405,-3.183156138360192,3.888152972079149,1.602179562084581,0.1631207395945552,-0.06203034227266224,3.0
S071,2.855553518827406,-3.2004102669205254,4.0296778384046945,0.41173788210836837,-0.9201231973484709,,3.0
S072,3.6705927562443295,-3.5777331942981405,4.237158105343559,0.37848055738574027,-0.11052045720418158,-0.3446269314782374,3.0
S073,3.0682379075928727,-3.220836073085359,4.558223450145879,2.086442497050869,-0.076375217383805,-0.034064814638793,3.0
S074,3.3400109130396363,-3.3593423152925546,4.451992624745362,0.2566762256317347,1.730574231348784,0.22218719671982567,3.0
S075,3.742292767715717,-3.0985321110484656,5.116716476903804,0.14657031478763496,1.0623002080232635,0.09192198628747378,3.0
S076,3.9060382529252857,-3.913827773485881,4.847735587426666,-0.20162340788192604,-0.08189782042522917,,3.0
S077,4.221799874481302,-3.743321673006657,4.984959348426449,-0.06100335677297297,-1.7902664427728103,-1.3425624063204906,3.0
S078,3.5365688343673507,-3.7644866277672677,5.3026575721227625,-1.7419135705191717,0.7399817900786623,-0.49376979770243673,3.0
S079,3.6847835615784352,-3.2343863771594297,5.689470264696831,1.0107407540880446,1.2073837611544262,-0.29296570910411035,3.0
S080,4.363417833053221,-4.089438781333769,5.988291624855853,-0.9257452886487435,0.23277511737620973,1.1079551391278695,3.0
