id,Met_001,Met_002,Met_003,Met_004,Met_005,Met_006,Met_007,Met_008,Met_009,Met_010,Met_011,Met_012,Met_013,Met_014,Met_015,Met_016
S001,0.364365543433241,-1.4680346315405706,-0.23487859859681068,0.050519206217249764,0.6801825551465496,1.7320862626708904,-0.4305415357352677,-1.1458643765260421,1.2009580281527465,-0.45298033411581523,0.8560271044694201,1.0581940648485404,0.23463457527843568,-0.584972635893139,-0.43015307010145853,0.4119449885698135
S001,1.2522798381248086,0.3430969768400365,1.153602324203305,-0.21862329676567943,0.7628747800116471,0.5694869881654877,0.38357300920830056,0.9120779105080488,-0.8087639358029054,-1.547264876445155,1.4249473840933156,-0.8988440074362682,0.24545333328881597,-2.498715336395429,0.261259854904988,0.4935586653817318
S003,0.05247547824733628,-0.12161726198277434,-0.769613813830807,2.225867313037575,-0.516890846280712,-1.5359640406495312,-0.2402799654074824,-0.42895361890030526,1.9176938004394917,0.3384038034387353,0.02829093015405309,1.520743641632794,0.9182988841747779,-1.206571758236833,-0.3432730242651174,-1.1091433812894358
S004,0.6515315291183346,-0.003370032825963265,0.07709988436152242,0.2160659675674467,0.567302519904835,-0.6156966604823819,1.95450460138684,-1.1614643944395822,-0.04663045089033156,-0.645354638065017,1.2868501478203551,-0.5542369982286427,0.2864940023466698,-1.2422007449563055,1.43167026333671,1.7108896908696911
S005,0.8809060645188607,0.7379348983986515,1.2188433401583416,-0.07822192194535478,-0.9627926777337079,-0.15911768458680725,-1.6727781367580536,-0.6833912577603676,-0.398024948805776,0.18106403135816046,-0.08954661898271372,0.530156568010657,-6.270837956200128e-05,-0.4639341627846373,-0.6261598886790174,1.481820942311076
S006,1.319341244226806,0.6563815909897435,-0.539074318197619,0.39588275490099134,-0.283767076442836,1.125556637517261,-0.34257999234690717,-0.6672891613799697,1.9972039506970793,0.5182111747055812,-0.47628470199047873,1.0519128709466539,0.7134527934438605,0.697047456102394,0.9979819416421577,-0.8911608974275208
S007,-0.8028827422761898,-0.6223173268289839,1.3412699408577675,,-0.035575788330903135,2.4395047919791946,-1.239964662179284,0.4497397623812066,1.6858467067958418,-0.2757276982991597,-0.38993629646073097,0.8418815020127136,-0.6161590461723904,-0.9585969619288769,1.3976530852554303,0.6231970218003744
S008,0.4748603986619302,0.27161362702590003,-0.6570067735983214,-1.310840114965871,-1.1277724133254485,-0.488122550633205,-0.7616321168679832,-0.0631991534742834,-0.42719359559045056,-0.3674984414131084,0.16139900348774625,-1.1010709409861932,1.367050331304074,1.963754285149299,0.13556154205313767,-0.8505152327586025
S009,-0.651839601532211,-1.100169571817604,-0.008024516207329883,0.5915471533123774,-0.012344783570091904,-0.297682439868912,-0.6056092099124516,1.0426650317001203,-0.6435781479889114,-1.5537549362912952,-0.12045646815050044,-0.3449884483142625,-0.33618905612798194,-0.14324460316550883,-0.3310565816209395,-0.35074864507322373
S010,-0.048238572736315155,-0.20845611846152487,0.7108917607202621,-1.035626721761153,-1.0981059320531315,0.016641476284786,0.7058297470026487,1.4733298651164874,1.4910389772368946,-1.2559433014038717,-0.8818188444480367,-0.36210360733159974,1.015079152940159,1.753402887150096,0.2381558951307535,-1.0222144271532705
S011,-0.69274010761109,0.755248712702248,-0.9305970273450919,-0.38754249448344913,0.45336295567424817,0.40636456529213444,0.3693254273914468,0.2756245415703662,-0.7175593855736692,0.036826801839408785,-1.0716007701597186,0.9370561031053116,-1.4145935755669814,-0.19154571777197676,-0.13038449686875656,-1.277075402838635
S012,-0.8182662875833961,0.6539157645917655,0.9095509751009727,0.061718635409942074,1.1596491916685174,-0.5307077140200583,-2.1386047150459815,2.172830462207487,1.4209445559032272,-0.95088268745216,0.6992126400937557,0.941023143852785,1.711104010435839,0.7060227376922693,-0.7710381674100851,-0.4843128530606597
S013,-2.052084393041117,-1.8698554035608668,1.027257225418465,-0.3841032908111715,-0.5949218769581933,1.8679332074934853,-0.36703055538057555,0.6413964425603228,0.47414396913072077,0.8951184016451139,-1.5980725171392922,-0.4983395970865377,-0.6495879706433588,-0.2029975064646706,-0.7618275831350988,0.38770152069735514
S014,0.5834957218636982,2.104999880115375,0.40313237041339484,0.10324448391439008,-0.40970846278846385,0.7226572845552315,-0.5242545571891619,-1.8186061049091875,-0.95725090410406,-1.0539832036162162,0.4449648656384393,0.4379277785405569,0.7584854789984691,0.9187714633313765,1.2615735344567456,0.01312037583903858
S015,-0.44329971166842697,-0.06167110651385421,-0.5982338687463155,-1.7119724619854546,-1.710658387109665,0.8834569534926624,1.9615020800473615,0.3975682941710603,-0.7466445964510486,-1.881114179139359,,0.755639540806868,-0.15005126383305933,-0.6431910167867857,-0.5644867474238358,0.5757056816153686
S016,1.2970132589317858,-0.8602318064557226,0.37996068635588387,-1.2114379626415503,-0.07108230075080682,0.48207466404295396,-0.4769406882899186,1.0453150200347219,-0.5706223731158797,-1.0224828026380082,1.3944504163937015,-0.8918561337839813,-2.360434844864595,-0.04422312877345449,0.26526374130517716,-0.3761646865350225
S017,-0.945650654567848,2.2887641941442505,-0.4404982999984851,-0.5726988602630985,-0.42252407999637615,-1.8511564460958179,0.7611018367382514,1.0735208091125845,-0.9116299949545117,-1.2494861261490968,-1.075595216729012,1.4050720394448075,0.781063900404497,1.1870920444972535,-0.43727574683702597,1.5729121552829892
S018,0.8635073111186589,0.9880214940429553,1.8127818005198344,0.0963443763292468,-1.6332326446567373,0.8254078894060319,-0.8696126495603176,0.7522653019169844,-2.134287554630355,1.049955758554993,-0.3581740709893983,-0.1517366382834499,0.02385460414151457,-0.47321300735720967,-1.3190704564195364,0.45305947905633004
S019,0.07059511078188667,-0.11234656936785248,0.738762627081035,0.14440613119743845,-0.30123261058905915,-0.5027584060048053,-0.6933382755164346,-1.4381356875951323,1.51252295839525,-0.958122338039261,1.974462743695193,-1.1663686920227558,-0.15787410253016995,1.8328970625300762,0.4936795012018557,-0.06849710048337074
S020,0.15010766515875534,-0.2911033775515335,0.43474434064645484,-0.8234064663555901,1.6238027595655629,2.65541381134119,0.34456858901817794,1.9321789175061608,-0.4548405764876999,1.1391609625171373,-1.3960488392921144,-0.39848419786643047,1.1021576533450153,-2.1828467810966954,-0.3434178273529351,1.5854935009959572
S021,-0.024883010463909838,0.5454891117341977,0.025186425040670108,-1.6678911957270532,-0.9437019774670997,0.37639838051558905,0.5977052991006772,-0.1220720182598453,2.082376087613988,0.4118074453341342,0.07234035649294136,0.28239771196777247,0.6334357309755301,0.4630237827431504,-1.1685120171580328,-1.4631404078925647
S022,-0.9175132083917916,-0.6046938293838106,0.13116177727624037,0.6718270220226854,0.2485359186734926,-0.224876065245432,1.039888178245127,-0.6119712004479798,-0.2727415824557574,-1.509378057645976,0.04213044304996556,-0.8283091700278231,0.3522901416974082,0.6226609949301161,-1.8415706135448866,-0.13828875292068504
S023,0.3940264152511645,1.6442582253648166,-0.5375709877833394,0.21375676998373425,1.3912791106974924,-0.13206540803486683,-0.2511404035853707,-2.164661593421599,0.17586869355663434,0.3059969699943258,1.0932440420404896,-2.806885008663987,-0.412774306643432,-1.1396060391130576,-1.2823063056656536,0.5489911886590867
S024,1.5867910241466634,1.8867579286886205,0.809250337991601,1.0156044186411388,0.7640222102162036,1.383562261591369,0.22972277915062198,2.2995110575564226,-0.36595929011852263,0.3024616212879584,-0.8986579518304599,-0.5569824601304717,1.3579547858203382,-0.11777199987110594,-1.159200000226054,-1.0973533125001238
S025,-0.8110382014879769,0.2648176501665377,-0.6657601336113669,0.6967203092583242,-0.08710563125862429,-0.015811264225010065,0.1654238351016009,-0.02706357153386078,0.3104430840337107,-0.1808389329003063,-0.10308813268060979,0.12050896779201384,2.062094428521185,0.6927891114705101,-0.8038968496167664,-0.2158707696757442
S026,0.11475314734013475,0.47219230820917124,1.4745826199691574,-1.1062473274168751,1.4170187174946187,0.15757604252676768,-0.5814344090184057,-0.39729047194796,1.7672285636221183,-0.7800154603377268,0.9166436835729859,1.1385660122446901,0.9835827199879666,1.2945859853866086,-0.4546740567242207,0.38455256640450763
S027,-0.576851425012459,-0.3277204162121768,-0.22328910688442682,-1.101749366776475,-0.904300715371458,0.7164071041663084,-1.260911344010923,-0.13013651366959714,0.26963913333337697,-0.9709803581323917,-0.837090319928475,-0.6967839925213254,-1.2349662218612552,0.9119257619543916,-0.9433237982113838,0.20270921480106244
S028,0.5688686583541099,-0.08284069109911174,-0.7978158484284695,-1.1792502796077327,-0.3124762579976517,1.1818896051327985,-0.9367853633271607,-1.3076513476973384,-0.37235655756768604,0.07127554001321064,-0.7871251129785124,1.3132275859615086,-0.08990854747980156,1.0909607282168414,0.6288075578595056,-0.0825165056147216
S029,0.3472057437377713,0.7758758466635822,0.5529955948557961,,-0.26542060455028743,0.7548198144498582,-0.5028790353881751,-1.225275343592722,0.5763176461661347,-1.1889324221157564,0.02643223763175863,0.036043431771188704,0.6173180690179702,-0.09614012232871641,-0.21150480505002475,1.3949145659643971
S030,-1.1064834918626283,-1.478414060628729,-0.5117244936578523,-0.17325168197338756,0.022688981778569154,0.14298482588557587,0.7026884768801482,-1.208139990847908,1.2945257364468599,-0.08866969264555959,-0.03235773525534279,2.2586485521275086,-1.5325096392488633,1.41060390154272,-0.6139266384578659,1.769629153612519
S031,0.813611826254003,-0.14911455601979207,-0.6621136145704908,-0.7496643686985797,-0.7553922736591951,-1.7274165214011188,-2.153716930227328,1.303006356662528,1.7616111807478343,0.003136765667810809,0.025468117351722844,-1.0568974109902471,-0.25485957552892513,-1.0402255467052481,1.5739681641384666,-0.08459702343537495
S032,1.3527222176351115,-1.3857066691197208,-1.6504353645391248,-2.411996551663424,-1.9534862981148942,-0.8552363038024934,-1.336433612465013,-0.9273903093719971,-0.09624019508212223,-2.366894401805576,2.570909895786821,0.7529970019345034,2.0981983772703727,-0.1960902056732495,-0.7070988330821613,1.0589632441607648
S033,-2.384308995244432,0.4385108384101921,-1.1770300380690273,-0.5441618419538309,0.8981313850662648,1.8265510162520553,-0.004458126268490481,0.6473035210381226,0.31430465203490526,-0.17388882280252818,-1.4104127261739428,0.3055840311379935,1.9767387609821092,-1.45360831374109,0.29219701997288666,0.6531416161489604
S034,-0.3224246796186533,-0.11978307516351655,1.0039010077716564,0.7789962541192264,-1.0690809917051514,-0.6528852798792208,-0.23294356186564166,-0.3827763798750762,-0.6837835974961813,1.0895585619147248,1.1443413095763912,-0.4885029554366904,-1.6777829512541844,-1.743161292123417,-0.5586388110971815,0.47642485342353913
S035,2.3796370054709,0.018542326814946428,0.33606852899489037,0.8470988191799357,0.09063724914426623,-0.13399698071478125,-0.7949349997660027,-0.38451427096988,0.8100434286865007,-0.09805506514443765,-0.6042854162900012,0.8983790090222104,0.7182207525997509,-1.025380500994794,2.657842154614833,-1.1992158629729652
S036,-0.30072818332751716,-2.196392346463652,1.1590146924206448,-0.6362136207023823,2.0212065779426895,-0.5521153091786701,0.5012641459721314,0.23634275476889255,-0.14819842901292113,0.08890208250784874,-1.3779260251776655,0.29987018646979424,-0.6103172923599882,0.11117663264518449,-0.9665949851262325,0.28007859016579495
S037,0.9431110016883392,0.36132516862760333,-0.002386624053162904,-1.6029704773520923,-0.10985859653257343,0.4298977893475577,1.3088195896657373,0.6280118263797302,-1.1494832598964038,1.1151707993041022,-0.3514286046465258,-0.7765731301934081,-0.2793477918521851,0.2353799284548605,0.49225754685503864,0.7472589743682013
S038,-0.4278536996872465,0.14525260187672595,-0.6378951038054588,-0.45325697265902426,0.0602052377834773,1.5562267409756763,-0.8307314994700506,-0.4910197719408324,1.24381988292945,0.612502993567161,0.21721069373982024,-0.14501361400288074,-0.8133761732286835,1.335281499979815,-1.3059513366940994,-0.6149361972666622
S039,1.7992409683896224,-0.90951506896062,-2.7753469069655416,-1.7558349647818963,-1.4977722078007094,1.1138097421337907,1.578617208795022,-1.0014012659891707,0.6979867949351802,-0.5301712613555376,0.764687096408186,-0.6710576444264041,1.6796786026680837,-1.540233951342362,-0.12519538018999354,-0.7255222249353124
S040,1.150359550712393,0.10267810015404955,1.3380122060509592,0.5280423406472105,-0.5880555661368754,1.9269938647551061,-0.7601370854200669,0.05377215890239068,-2.1514891988671088,-0.8448133134858584,-0.7586464194241495,2.5694891510941265,0.019991923191953257,0.32567509216834245,-0.6191136560553128,1.1087738204869044
S041,-1.1919859777774553,1.076082636704973,-0.7902194931094974,0.4708129512904656,-0.5615669232517372,-0.16216668296424275,-0.27509012093609636,1.9938930962785513,0.8998119855304584,0.7043639664720358,0.03764858728674087,0.6428252412002219,1.2906855767773946,-0.13115886414651137,0.7837633604850357,2.35284779226327
S042,-0.5040240866807141,-0.48151590897024776,-0.10148092036541036,-0.39041717585534585,-0.6059000091779422,-2.1577003664596903,0.42849224999301105,1.4709365071410283,-0.19593879846671794,-0.9247722664998771,0.14358686399632692,0.9714724283291388,1.7010579597928817,1.1928484500883028,1.7036900263194854,-0.8496450874246736
S043,-1.0183992475967005,0.41584834188127356,-1.249985174281409,-2.3019345956854247,0.7327799983250082,-0.7658327467012356,-0.5054456263098638,0.18457997902970216,-0.6887259655967525,0.242854948795114,-1.2548451522696125,0.04418623587599882,-1.0034363484362525,-0.9254401969371311,-0.08760751190175955,-0.9991418203305873
S044,0.819585955396675,-1.2903023975083852,0.32864017385532796,1.0556216341778903,0.15951447210008707,-0.3842712138074814,0.47200776348393786,-1.0084790912906396,1.1981027006005887,-0.1489786636098765,-0.28474077119930313,-0.5422423768256985,1.6134702862183812,-0.934590638969979,1.1787270924585986,0.5435508932825088
S045,-0.42214693753949944,-0.9405877925522552,-0.14126723556698123,1.2526127518061276,0.29026817564106394,0.3286063544715055,1.763342021967649,-0.9196446462954927,0.9000325297740651,0.630245222550248,0.2848238539712389,1.5803516634062595,-2.1281035985080847,-1.3385297180338303,0.743819863535013,0.25859898018717975
S046,-1.5996310080303418,0.3615466656335417,-0.4059958099908737,-0.2723013519828816,1.6745752382158756,0.8491391270198729,1.1369409049539043,0.28708462525723416,-0.46180088466173663,1.0421661426454745,1.260879831284135,1.4660245457501377,0.7131723123704878,-1.8556537418942225,0.04044012290334561,0.3492822613976597
S047,-0.9617827618972913,0.20502438739685375,-0.17323371361178574,0.36330840856057833,0.25925481880687373,-1.2028430183388372,-1.0152562884716652,1.2444399154040031,-0.7931943719119173,-0.18636516423535499,-0.5688060835733878,-0.2428764125123944,-1.0006135438744896,1.1470762424023397,-0.3794959896788813,-0.35048995857370346
S048,-0.05863833547738646,0.1017308575472361,-0.7811909854494022,-0.7210565455467585,-0.13333021477383433,1.0440266600468113,-3.0210259596113613,1.1830894399531873,1.2837883525352758,0.05634334351194713,-0.33249553488207895,0.051122793030656484,0.682411651156991,-0.8689980783052652,-0.48286154892735805,-0.24529990090626874
S049,-0.3573432801637295,1.0146970712456345,-0.8046409459896889,-0.8510034836731865,-1.6192314255635694,1.1974063288470338,0.9040987603312206,-1.181726573713508,0.38860481840162864,-0.015630163392222,1.0141757595648018,1.0082084254033257,0.8514865962828251,0.7079624876770215,-0.14450457664025065,0.9073955988624859
S050,-0.22231622378098226,-2.0243913699152603,1.8110196765866824,0.8078349169258848,-0.012607451691266956,-0.5260061717851084,-0.4260038808953503,-0.4773745338534131,-0.5433459433182244,0.5798915534601748,-0.3642516099707582,0.14063706751407204,-1.2860378692334347,-0.9197951074927545,-1.6930468638072542,1.1437845530310098
S051,1.4801021257486755,-1.9191557719456518,-0.9203834928540494,-0.4690889695708279,-0.7950329453143696,-1.7461975709335154,0.702062774539451,-1.722533296740799,0.6975271899789333,-0.6688605293259394,-0.9863330920919882,1.4779082368284648,-0.8703265178789861,1.345111884815322,1.187454378113957,-1.9590223116724705
S052,-1.7655108090482083,-0.11739702767752018,0.2532671916208483,1.8018829895315902,0.6480510997933789,0.6778055016864484,0.48518672872308943,1.1432588147956646,2.338514495173823,1.0616957306483834,0.3440581468194783,-0.7545708330045768,-1.3032368565213615,-0.9381126756777115,1.3020581995338776,-0.6123215537449342
S053,0.6427976950311224,-1.8050763237499687,0.9447395183734418,1.5743533269064278,0.19084170146191679,0.5334705890094625,1.0009869730546734,0.48517365839354853,-0.24571875326758869,-0.5213062907532506,-0.4568752395580964,-1.5038755996445208,0.22598314003216668,-1.1432728590273737,1.6411850183781966,1.3975996156339199
S054,2.10836690415992,1.94935892729622,0.3128703265121273,0.48600224122488306,-0.09457155728297803,-1.5755972532020235,-0.5042485779798409,-0.3200421659901082,0.10207888142729268,0.3657009557902272,0.05080284812318514,0.9461804057293516,0.6494700999612774,1.666654502990485,-0.36544242980673947,1.0395527880786983
S055,-1.358583455882314,1.3015567176986327,0.9929568440684766,-0.10618512437106606,1.63178061842005,-0.0728853663150151,0.18254198842220817,0.9942358733992718,-0.5357040812513,0.2344590048610776,0.18171462209223352,2.2286941417683725,-0.07626954006262066,1.328499825923299,-0.24260952557720192,-0.48889334434477283
S056,0.5987167346252641,-1.1791425783586011,0.16479452102246206,0.9447510188472575,0.046022725920534906,-0.15515701146280608,-0.28370779167230037,-1.2014096619176313,0.912695102991419,-0.5386471733454441,-0.9689578087912287,1.3956264077450422,-0.14066060971689243,1.9096576884354215,-0.11835654127318346,-1.0342391625917684
S057,-0.21035649718275806,-1.0066332963318283,-1.188982735255496,0.46554198977169153,0.4952921200528581,0.07410247221758269,0.0016675338554253555,-0.07924961534509783,0.7700886014182896,0.8665280742994868,0.6869021085686438,-1.0897144318121614,-0.008135355036041337,1.5571620304447762,0.9130781621311124,-1.4041009522278072
S058,-0.07802356372854974,0.4705701781417381,1.090245883527311,1.6201895848813097,-0.0033144216538451006,0.5852185851200955,-0.2564997623649278,0.5683457522967738,-1.255821264056005,0.8917060155337322,-1.9024996764565854,-0.5768909722445855,-0.8477303795818046,-0.41923278850466705,0.5002769075594873,2.344079293118256
S059,2.3811690373210403,0.5211444549214012,-0.20608976895495762,0.8197538919739094,-0.6219728380367701,0.8894380871723813,1.8292373287743773,2.477414668030601,1.9544417431465344,0.6178124060573964,1.7373591428764428,0.20608705413627146,0.5963633981114201,0.34994805397468737,-0.035554196548383744,-0.39409844972754
S060,-1.5175376140283228,-1.2850779186413483,0.7136559293355326,0.12915041425927232,0.7662624252269994,-0.5516639370315803,-1.000838421594567,-0.3027030246453133,1.042584015523681,-0.35701212321891124,2.1304169307446865,0.6367935770586797,0.4256761268955747,-1.1520705666880244,1.2015841060966816,-1.2612365867091682
S061,-0.18581094494078373,0.9426622790802477,1.1817519309105957,1.3159157373038572,0.2333741590157563,-0.3263487043258957,-0.06110286572613579,-0.6048039918937196,-1.3360640725334638,-0.5299750371493547,-0.22425215165042223,-2.63636136220065,1.2586646854322383,2.247300174247072,1.0717020315275376,-0.20523297569701476
S062,-0.469917506164585,0.6393948675969983,1.7454552572822821,1.1715377446224542,0.06091083381685607,-1.3159045903910218,-0.46137953645833496,0.2433254485014668,1.5586945153978862,-0.513496333072721,1.1229810646149858,-0.05930430943126128,-0.22367480012287555,-2.0971399647561393,-0.978812617675226,-1.0190225142358325
S063,-0.27348396425550137,-0.3176831199264786,0.04693722705596696,1.0237451274191651,0.2515767243172543,0.14678577565138476,0.6934044966800663,1.11401508667434,-0.5933024184110663,-1.3492997161070854,-1.139198800257328,0.006549762488734965,0.9631950298957427,0.30997004166251374,0.16573974977112255,0.40669058757661053
S064,0.06868738852900452,-0.9195424246953916,-0.39974203445255185,-1.0799805598153294,0.6578370471915983,1.279286994498321,-0.5141022577482524,-0.41205523452514636,1.1221016640279147,-0.5819503256415551,0.5114112610448103,0.34000883894199924,3.449193367720418,-1.1213318239273764,-0.356059654946336,1.9027746681437216
S065,-0.6703316403015185,-0.23192725782289503,0.3930372482017711,0.48799740615277054,-0.3431241714900491,-0.8276666290067967,1.8530011803895108,-0.11444387548808757,-0.12306549804795384,0.5627800993624211,0.28349233988266387,0.07929781628494305,-0.18666282031860917,0.45668222130865743,0.7805893810010526,0.23346791041190887
S066,-0.22971870875457676,-1.0011123059439941,-0.07129813956724317,-1.3731853084460524,-1.0907361047210662,1.646237292965864,-0.8409044160730527,-0.5154613187776986,-0.006253787354129999,-0.367928973527289,-0.0859410544286034,0.6356375728794684,-0.04771189712173354,-2.2029871387878717,-0.1020002759141625,-2.0495655220803424
S067,0.8566828685961716,0.9654748640304502,-0.8082624551777958,-1.2559978801924012,0.6839819947898256,1.3489507285044184,0.7562996366507744,0.4349394226331108,0.4759156993143355,0.7359362930616955,0.4716630225518594,-0.500448582697179,0.22764799802915484,-1.6622349310947446,-0.39973974869685536,1.6247478468049097
S068,0.536748185439239,-0.6086708838858053,-1.0136988863418093,0.13412936290678054,-0.7718699603596447,-1.1388745157379438,2.044175565513116,0.738374851640285,0.4646501166023787,-0.8280404061203592,0.7912855060551286,0.5258566258112845,-1.2643714624443538,-0.8296760943591794,-1.2088692052887184,1.6251862101159713
S069,-0.21388515901681127,-1.3985767815224026,1.6251319364118046,-0.38095873502881317,0.3817564110764502,-0.8978918805041849,1.6618694685995516,-0.1515826845910032,1.1864933058603768,-0.5832414401213647,0.31215575081721664,1.1894367426996646,-0.04403596038847644,-0.2760411162086499,0.37888404350839944,0.7639972143030849
S070,1.1799940492462928,0.13964343560510473,-0.2323066204501332,-1.262519376761252,0.17069075192033456,-0.4710661542451862,-1.0791831398893246,-2.1670946469332777,0.5045667770622099,1.8268265071150898,-1.9432237534999228,1.6323746672242452,-0.3268886730487139,0.24312232145290302,0.594140722662021,-0.3516644584499466
S071,0.37883109797244713,1.1857710956563268,-2.081417089733717,1.9353890604991457,-0.10177248767591653,-1.1848248205557586,0.6660300365149155,-1.5990122370000694,-0.2085566497731738,1.1724981326915598,0.8318471975335093,1.4359326257727885,-0.8891487752268517,0.4841754945076955,-0.8519309336653111,0.8667522293618795
S072,0.603578646117326,-0.030458820650965016,0.5284065927473156,0.616774947486757,0.4073129626874249,0.12453213206928818,-0.8299286896461969,-0.5348048390950392,-0.9990363964946337,-0.21098784742727453,-3.177297288011637,-0.29880856062409455,-0.5660084339698053,-0.07267282395341128,-0.15128699459670147,0.39519567678346806
S073,-0.636553058253702,-1.8098204177917279,-0.8256063741980211,-0.360219538955035,0.3511477766556996,0.24250012309196123,0.742716652353554,-0.7187398615838,1.1300325754574796,-0.2993042587345814,-0.6972646498031286,0.9008418531110296,-1.171876658690304,-2.324319461117598,-0.3067080020347153,-0.8932934001185856
S074,-0.8065038438471359,-1.6572063054724657,0.8169865305925605,-0.4152113270262613,0.4032480478319435,0.5844494899530792,-0.2326750843971097,0.3407205081193243,1.1947815519233507,-0.5233216510286531,0.09465853157922963,0.06716123108659952,0.04506213142883102,-0.3986161483068837,-1.2918015235383684,-1.6295660898560282
S075,-0.08673823256259222,0.301296064272233,1.240141159623385,1.76610283839254,-0.756226261156685,-0.7406562258182758,-2.5486869249787234,0.5081122280094733,0.14384206340112188,-0.02116167343944384,1.4860593016503785,-0.8096226804636705,0.32951543779152753,-2.804445389318803,-0.9734654015477655,-1.5318615578966088
S076,-2.1640238181182045,1.075201618028453,1.2970154589744582,0.9060379581647218,-1.010930059958288,-0.9832225044247316,0.20227379620825942,-0.7844658173745314,0.3773943165325126,1.9556693291546725,0.7551624681998674,0.8800052859975606,0.3700721727253009,1.1017504571381336,1.813757313430407,-2.707844578397637
S077,0.3280974362748039,0.1693189284601363,-0.7903532378149302,1.050633253720181,-0.7814535063650295,0.5153759190725854,-0.5231676981472215,-0.2394605851984433,0.6082950336468036,-0.30918360223579777,-1.5133220010747548,-0.12808186366136134,-0.4589075440355977,0.4498583957570142,0.9451594050011529,-0.2319298661146455
S078,1.3677022722773082,-1.2335482452285411,-0.7544367902034962,-0.1856841498920019,0.3287809439517205,-1.7982985368624922,1.877215068469765,-0.17739088609680922,0.08931761086362751,-0.4344651831593825,0.28625622159014374,-0.2244348416838826,-1.6281452712011357,-1.163153136958306,0.3829544989615501,0.6317249613066361
S079,0.44915271746370755,1.1400819309526056,-0.46093186856301877,0.14854221184538238,-0.8663559813863736,-0.22863657426611655,-0.32075705493265844,-2.571340610334526,0.013330376947542523,-0.6739979479368019,0.8827283993634375,0.5377259451680754,-0.21557064846973292,0.21119103471913775,1.4432104689790388,-0.1914041659774812
S080,0.8467896565505868,-0.6979170940746393,1.9048012855086882,0.6698872886933727,-0.10135212818613144,0.6236567998607195,-2.443556438028427,1.23538353081528,0.4234311566131931,-2.5942456814946664,-0.008472776001002527,-0.14098472414639857,-0.39018090613051704,0.7398485367334362,0.8560809545310066,1.427128705734098
