id,ASV_001,ASV_002,ASV_003,ASV_004,ASV_005,ASV_006,ASV_007,ASV_008,ASV_009,ASV_010
S001,-1.349983364704415,-0.5732100942894465,-0.1042882919485475,1.1271237028338317,-2.042321675906889,1.3397229160485065,0.30788911845778033,0.5639144405738898,1.4112873385356857,-0.6801340896003953
S002,-1.025708115769786,-0.9204732738185184,-1.4505171842790823,1.1719068648709277,-0.12676917823053246,-0.4183253734155703,0.46405894402483794,0.44386908325436414,1.3148299782318067,0.5471282551315522
S003,-0.32323302878154125,0.7074629584260546,-2.30611720068664,-0.7696074294779494,-0.08516816425428475,0.04609461042480678,-1.342091701813108,1.3905283562114326,1.8173471630518367,0.864784436899392
S004,-0.8581082359315908,0.21193768499297194,0.4147580114680829,-0.6001766079010196,0.5452452261938316,1.0762519414492493,-1.1297757496755638,-0.3077428657466803,0.8799656718591764,-0.23235507670845745
S005,0.46839304086239686,-0.08784729428719862,-0.5764833025484735,0.4934121825180644,1.740433660999353,-0.08437337218283059,-1.6415637622516628,0.13877544050544044,-0.22509910541268985,-0.22564748820239844
S006,-5.23809939004182,0.7462946714486351,0.596350005803103,0.7126676419510307,0.7373029938201108,-0.67896245669731,0.17425602069523283,0.5445401785125767,1.0596031891391013,1.3460471453693406
S007,0.4191667307007778,0.42230744073526116,-0.12284750493595986,0.8059941634810708,-0.6107154155052292,0.9091143129547887,0.7907146210635054,-0.301633633461559,-2.5630037498455254,0.25090303481287224
S008,2.071097087319216,-2.4062253260986646,-1.0958795723381565,-0.1410086992002535,0.4702185342845917,0.19894612143441348,1.056721349330877,0.054139589844633296,-1.100658404890746,0.8926493203140895
S009,-1.9978219237613648,-0.7403658972199847,0.177799579486972,-1.0375926723087,-0.05957187883636905,0.45872236162931435,0.7147906512332682,0.8501093334206757,0.5815639116015006,1.052366534754689
S010,-1.1681823876226902,0.5038170455277557,0.8862122529433785,-0.9301822783959488,-0.2059374328240695,0.37949977786457145,-0.5615044321092322,0.12360877791916414,0.13653238719222305,0.836136289504849
S011,-0.9189594977334559,-0.25262963956853124,0.8363392064958672,-0.7897614747806938,-0.849698680937709,-2.5440158932514,1.4428990188933262,0.08081882727706313,1.6781255763132141,1.3168825572923202
S012,-1.0780831354930975,0.12305662345199941,0.13345423825308744,0.2702540951771981,-0.11196127392467625,1.4300835407603232,-0.5325944949470354,-1.0898452482118,-0.025810411456928417,0.8814460663909283
S013,-1.6572393372895604,-1.0479222094450726,0.43948846064454994,-1.423821235297754,0.025413728134416225,1.023890810511481,0.9328726589840131,-0.6607090282807162,0.8399778580272401,1.5280482940114053
S014,-0.9032942421825818,0.8436126696105535,-1.1526025415426053,0.8522191719431065,-1.274849918624278,0.5547576973428352,0.5043274107206077,0.4340440505754679,0.35932304295589335,-0.21753734079899667
S015,-1.6227890736546722,-0.659992632600864,0.7240379543753874,0.08662558533951259,1.22507431342816,-1.0819939867697301,-0.220218544026189,1.4958950012493353,-0.44539263020108777,0.49875401286015064
S016,-0.10160676835993732,-0.5317728618804627,-1.1539781778876828,-1.4137266857762967,0.8119076500522207,-0.08414899437952572,0.8464332424385492,1.4906546486821763,-0.09794005114265447,0.2341779982536103
S017,-0.6991957419683459,0.5976576612021665,-1.3255332542541902,-0.41117078802224416,0.30752755980061197,0.11617768287827657,-0.40960451794949115,0.13767890632291202,1.5466016259318798,0.13986086605842774
S018,-0.6778113557719627,-1.1830770929040084,0.16914016687980338,-0.5399954064074102,-0.3071062923770995,0.004536030526911539,1.2702887964698397,0.8363688601506483,-0.1785222357048899,0.6061785291381689
S019,-0.018252263165631888,-1.7733165187075763,-1.1296967589979539,1.522550770212041,1.146340684394111,-1.369818406832756,-0.1720865649657468,-0.7414756283545754,1.085592245529311,1.4501624408887803
S020,-1.9680274109438547,1.2408390036802759,0.6689084765479509,1.1190399400767979,-0.27968741895644955,0.5098014235704063,-0.6354889018351586,-1.4440846755878316,0.6481121365015508,0.1405874269463112
S021,-0.5731301773194222,0.36620773787989336,0.6589290844372893,-1.6423072289287477,-0.501803519897376,0.5362075281017722,-0.28255255536285295,0.957567400546607,0.5161118635501651,-0.0352301330073308
S022,-1.2928079651635813,0.6793634854879509,1.0681458746369084,-1.2188798613630811,0.15033726297923167,0.2507954772466241,-0.3793921998116079,0.36023961689600315,0.22709640646634144,0.1551019026252125
S023,-0.6432805501242509,-0.34406517057113195,-2.164463125174953,0.27430124690175184,-0.02845479389630734,-0.07885978404419314,1.196797181106514,0.7501037232852623,0.6145704282497206,0.4233508442675875
S024,-1.7435106202976405,-0.22189717667490383,0.4814477403312649,1.2935782242968692,-1.17837499110379,-1.369455306568792,-0.8396395988353462,1.1748129801689484,1.4774469359505231,0.9255918127328708
S025,-0.19291007971906016,-0.3198691328571086,-0.020198832013565315,-1.6148896523915264,1.0134509691517364,0.908561110156336,0.10753189318776446,0.4133731097062814,-0.437096833397538,0.14204744817667825
S026,-0.7296637537616806,-1.25919043063698,0.5649452180649825,-0.3526250017507593,-0.44015877640456935,0.04073466368889367,0.8941612549904414,0.40760799481136,0.42951905462745277,0.4446697763708576
S027,0.1570665279416339,-1.7730668053864944,-0.4334787984989368,-0.39002602056279123,1.0754612827443537,0.8090798551720868,0.8760287511092586,-1.2261418744013701,0.0472653336672928,0.8578117482149685
S028,-0.9862475951253509,-1.2315180437021165,0.8425216089233878,0.8684732259042454,0.10334954541849184,0.8551204030742297,0.30762775870404324,-1.4940458964016998,0.8750406709291818,-0.14032167772441362
S029,-0.5385792490876864,-0.7610576831276736,-1.1194426013699115,-0.2591847562761722,-0.5569721527379237,1.0938937319543955,1.7847404697182019,0.8764408225972469,-0.49771371335144643,-0.022124868319032487
S030,-1.5673462561828853,-0.33732403391032495,-0.16086340590747294,0.7057295389882854,0.30563200969200954,-0.17195624387711117,0.46970091711830886,-0.7417495887185637,1.2848724632779016,0.21330459951985015
S031,-0.3719343910698578,-1.0005960716473794,-2.400445243999766,0.9023297824055323,-0.0338382550456382,0.9382585734317124,1.2128305533429813,1.2841964864752076,-1.02651373627991,0.49571230238711994
S032,-0.04215875407180025,-2.1509105344977977,-0.012247054941211477,-1.544122435768596,0.3730206461427472,0.5491959311508663,0.6126932881060512,1.771787614830825,0.8145515489438664,-0.3718102498949505
S033,-1.541400373023058,-1.4313626134115092,-1.2196226516832276,0.1945552360252356,0.7593384087289634,0.8731876066844468,1.0328106295597832,1.0439922621242257,0.5534265850049467,-0.2649250900098101
S034,-1.4920304026733024,-0.4747137240439594,0.018569111921205028,-0.8159867635515421,0.1279013454277531,1.5986308204254227,-0.9238065418007344,1.04598096331434,1.1559022178667164,-0.24044702688589803
S035,-0.5055811076444674,-1.1566853871515868,-0.5997599948766807,-0.371054882721638,1.1412602687712259,0.5914656756456325,0.30673120915352303,0.47230368117407195,0.2931578749946784,-0.1718373373447597
S036,-1.5498783579787943,-0.574785151389126,0.44722175916359275,-0.18811782969322977,-1.1047072149444213,0.23311804493366628,1.0014505905639217,0.9648349828037295,-0.10377344288056678,0.8746366194212287
S037,1.4061329846308497,-0.8208739559426923,0.21364350887796402,-0.15697150754633027,-2.207808729290776,0.08569417133405821,1.3755583918595455,-0.3643211357962528,0.8082453366124045,-0.33929906473877036
S038,-0.4067186447153146,-0.06240439391311181,0.12671387716382432,0.16797717784227917,-0.46189206523680415,0.24435220746714892,1.8632435275660706,-0.31641920991209105,0.2593970543303392,-1.4142495305923428
S039,-0.8928270138471999,-0.01926194133139081,0.41288995038261844,-0.26355687446312626,0.3532310773485605,-0.09431344806070552,-0.0077957313564622766,0.10963932278627597,0.44459196531656753,-0.04259730677513884
S040,0.5432382075681841,-0.45567816170950026,0.4092455953091596,-1.8376205084169799,1.0440227126686208,1.1048571438349044,-0.43542656191381024,0.43567328418640994,-1.2667209114992954,0.45840919997230545
S041,-2.39971470790349,-0.7787275674839269,0.1397528095933831,0.9047058256436464,-0.5187421275779207,-0.08278888284997787,-0.10945383971631717,0.21185515971323543,1.513145984882606,1.119967345698758
S042,0.4931717207809174,-1.4024897342860507,-1.7352705951501317,0.600769883901386,-0.036444647357046556,-1.1370166271522057,-0.044813365262152516,0.9823496433013557,0.5282882687536707,1.751455452470261
S043,0.3702787259515663,-1.6292083530435644,1.1779881858363512,-0.6692031725466854,1.7941000494882946,0.23936562504675418,-0.491218471468152,0.5699505577956825,-0.8492966048878587,-0.5127565421723825
S044,-2.2702028161876977,1.2990376296961015,-0.7205086704220669,-0.719969929552196,-1.4594920211112954,1.0828695206340415,0.06867163832157308,0.7227080778666322,0.8080262958037059,1.1888602749512023
S045,0.14025601847662061,-0.19608544374912507,-0.747493795197995,0.21440304186540482,0.8901838699394147,0.11753735173959212,-0.25416277843380186,-0.5768094944871804,-0.0933671692921707,0.5055383991392444
S046,-0.15730333805993624,-0.3752542027236432,-1.30399393553671,-0.7689266039239078,0.8772558148859566,0.5175433895940307,0.561690077184438,-0.6889196702276283,-0.037246748062893964,1.3751552168702972
S047,1.4511334021250337,-0.2869774378831007,-2.737168737945026,1.7923433744521582,-2.5552164629294567,0.2963866483855524,1.5492585520081488,1.186127637025027,-1.382608749484025,0.6867217742456888
S048,-0.7686326692196594,-1.0956798760075412,0.38707096282350983,0.38239581609010065,-0.9904549439352226,0.6911802275159151,0.5696436827731266,-1.6935049278391996,0.7574483838772497,1.7605333439217183
S049,-0.24303177773030882,0.2787086208767695,0.20412058133074584,-0.5519032700708757,-0.41822951656671536,-0.3068225882990667,-0.40341614539954396,-0.7916599204861621,0.880674312466349,1.3515597038788085
S050,-1.5743189289656154,-0.04189581561346323,0.9713911566394156,-1.0818475544552015,0.6877938324685218,-0.3178567967270176,0.030028991925011184,0.9936165938577892,-0.5098755105130204,0.8429640313835765
S051,-0.5812159779430748,-0.6773960341236509,-0.5974426741919414,0.14133493604621217,0.15669999560567005,0.8440889482626832,0.32340983151615,0.5745566230332659,-1.2153050420149643,1.0312693938096513
S052,-2.14805594946552,-2.1919497518664155,-0.6556878727660136,-0.02056267608717599,-0.3645456827571456,0.9352394860064104,0.13614786673486057,1.0654479690312435,1.4979249067591938,1.7460417044105667
S053,-2.732018919488363,-0.8587478045693522,2.0499229987463505,0.2776569496260404,-0.08391360793875213,1.6583217800867234,-1.0862104125645953,-0.40073434554572573,0.15682358162475163,1.0188997800229238
S054,-2.1425425185876232,-0.002185373527777479,-2.6082142970317586,-0.4080524534062451,0.5179426436455823,1.2155352961432022,1.3233173484429965,2.0872057096908194,0.16004539831314668,-0.14305175368234302
S055,-2.6770505129440223,1.3414183808872007,0.8073887767648618,0.966904460685514,0.44771474218220275,-0.08467411917272694,-1.9534070912015777,0.6725222089885574,-1.0881786309433443,1.5673617847533292
S056,-1.4861805705293611,0.7102271958519046,0.49555726291267055,-4.570560872344338,0.9066368623822247,1.3902808776746622,0.760538233401379,0.8151646367881531,0.3202904569168754,0.658045916945833
S057,-0.2744475755762199,-0.9437251819239667,-0.5029466302108472,0.026657829638165875,0.3976143328048205,-0.10662019944838086,0.5920734621036421,1.0337475051475848,0.8709791045483797,-1.0933326470831832
S058,-2.91528134047509,0.6767724497463474,1.2120224991094812,0.12781154873288214,-0.6541014804488334,-0.9682155812179403,0.2826265361787592,0.8373374366216697,0.14569687295687928,1.2553310587958422
S059,-1.4133191391314859,0.4054602202176545,-0.3038918659832883,-0.5979648215714382,-1.6216687905739158,1.329507528010753,1.3407314996908872,1.0453368946015218,0.3578680666979963,-0.542059591958687
S060,-0.03444242524847585,-1.2568270449918155,-0.5597904082560472,-1.0573206767426822,0.7191555980403257,0.5244660624861499,1.0514736981847168,-0.48419721311598174,0.5772886511577371,0.520193758486073
S061,-0.08905787296209233,-1.862211132479215,1.15144034317391,-0.5782707665014519,0.4776496313702703,-0.16975195593458992,1.5329023484818773,0.358038504272562,0.012418374961728151,-0.8331574743830008
S062,-0.9762566726426978,-0.9761674330168537,-0.7154843080861757,1.6377023030328515,0.6724883433946505,-1.4333180715080496,-1.8320713338514367,0.4740686135647776,1.3724718924673744,1.77656666664556
S063,-0.3766338937838869,-0.8220169665674946,-0.8533190194893696,0.2428141204551375,-1.251471058536036,1.3733062347472869,0.018067209004713813,1.1200625626508423,0.7324994658699502,-0.1833086543511473
S064,-0.07235749928440782,-1.259319479294744,-0.17052881812056953,0.19040985762302176,0.6700218898400714,0.4617150677953683,-0.2576081310990763,-0.20138243323034244,-0.2567799056488562,0.8958294514195317
S065,-2.3640905037791984,0.36008842147461273,-0.3890639533582343,-0.47948974559518875,1.8178222262818395,-0.6143403518412178,0.4352146340106491,0.567422863582268,0.1676537869979069,0.49878262222656433
S066,0.38988065822962303,-0.4893730070937834,-0.28684233772510614,0.6089750457059486,0.46749507340872976,-0.19316126272046397,1.1597423170893377,0.023346721512963242,-0.36665049261626637,-1.3134127157909816
S067,1.0118112573852769,-0.33242724284008807,-0.9566753605655309,-0.3986627239243181,0.10879350280826738,-0.1960242907642047,-0.7513875496215201,0.6841296108639567,0.06089552541168963,0.7695472712464706
S068,1.0086440949026334,-1.0883404627876034,0.5777240322503008,-0.09374307684474825,-1.0870786130214243,0.4968042049534862,-0.5059672186890629,0.00931681603279344,0.8828882412193608,-0.2002480180157331
S069,-4.726103939026398,-0.8100391910566627,-0.27698671884038184,1.6845606961991482,0.3320285009922288,1.0067310900138573,0.43872102414783454,0.4491889610452935,0.9007051267394508,1.001194449785628
S070,-1.261796917449118,0.9877832602020682,-1.1656692842142977,0.22505663834378975,-0.2641600948223437,1.2429483960989784,-0.14366232668128331,1.0637463773660645,-1.3445816712157428,0.6603356223718855
S071,0.6561532631807878,-0.05017552017723581,-1.3230989283762908,-0.20748821958826413,0.23476405189125904,0.26208495213460514,-0.6095764485928097,-0.2975139718079558,0.8999397956566582,0.43491102567924456
S072,1.140295016679736,-0.9467268558758453,-0.9624563315688675,-1.463552887295029,0.5457351445295853,0.34954577998859415,0.4712550108524054,0.8209466359805351,1.1938486640026431,-1.1488901772937554
S073,-1.803693348871382,-1.0839427308392766,0.799819738541679,1.5701703603485158,-0.9184166218329963,-0.14955760763410542,0.9474150185010202,-0.1884647879726984,0.03237979955157799,0.7942901802076661
S074,0.4353188439290281,-0.14511298323839616,-0.46099911168552143,-0.31249433833758067,-0.9830333306952901,-0.04493035656664501,0.9667298772130732,-0.2420096542871093,0.5848719814603531,0.2016590722080891
S075,0.5299802981689128,-1.3303608129677125,0.13400298337513128,-0.4546219766811852,0.18316888940303766,0.3436333161578502,1.0305968972441375,-0.3693943858680755,0.65088399555314,-0.717889204385231
S076,1.1551657480976214,-1.4510286544530984,0.5448267325867624,-0.3613854320620713,0.10675102581054574,0.20530664130103737,-0.9242705477308881,-0.4829297592785462,1.0693916508246164,0.13817259490402378
S077,-2.685524799206794,0.32748790136304606,-0.1419190223068707,0.09328923035291314,-0.07534188594357216,0.03938422456881652,0.38020601983619473,0.9387995198489787,1.0693971215510258,0.0542216899362673
S078,-0.8931292486811442,0.7179384960368427,-0.4222597688697296,0.037223086417604634,-0.2808499118268202,-0.033533125326059565,-0.1973153027159169,0.045043359403279304,0.3414372854926615,0.6854451300692788
S079,0.6348405249151883,0.9665778807449166,0.02947215109390955,0.8991650616457898,-1.782162532859977,-1.442133855238355,0.8217685807850628,-0.8146864732485408,0.25922805144781247,0.4279306107141907
S080,-0.22053288771476742,0.16200618957386137,-0.8715080091876941,0.6061375498451298,0.31967383303850916,-0.47554240431109784,0.16180217175769007,1.1502902053127477,-2.1711561017426155,1.3388294534282381
