id,Marker_001,Marker_002,Marker_003,Marker_004,Marker_005,Marker_006,Marker_007,Marker_008,Marker_009,Marker_010
S001,-0.08134922577192791,0.7663371868932335,-0.13794376182614546,0.277222209769629,-0.2084576271038416,1.654766224846724,0.26336814146562043,0.6632006333284156,0.07330680370036553,0.3853621497528868
S002,0.113929577284696,0.6754485640086388,-1.1000099591485555,-0.40356572086804104,-2.325701920864658,-0.6526644750727831,0.5416710420910714,-0.7786494107118621,1.038744272246811,1.7008911833018003
S003,0.5732204062929152,-0.9775545204552951,-0.4481199534099739,-0.02281886572270809,0.7636036500646377,0.4871091080826709,-1.0228677006258655,0.24710178822336812,0.9557934799865376,-0.12850169027526465
S004,1.1084848906954243,1.1139390926835921,-0.6273833947513748,-0.6209091522200442,-0.7640618363337742,-1.447266272169157,0.7679570662828271,1.2795705832012618,-0.6540123301462794,-1.67014496932124
S005,0.33685634042153384,-0.9368185390933634,1.7099524339812318,-0.2832415921449823,0.5227740849107413,-0.09207197781431259,0.04342924297752749,1.0990661566536923,0.31555853036606013,-0.7229737506819323
S006,1.0914985439121898,1.0155551265321865,0.4262839375441553,-1.85288794519929,-1.7151194380931045,-3.024182087596959,0.7412893868121054,-0.5929345389879046,0.2363634154766727,-0.4779797906696024
S007,0.044867334214896415,0.7430134140604736,-0.4103976255478033,0.49593317786297825,1.0360398672883688,0.5249011927800256,0.002420219659415314,0.97749059287198,0.5388004728261908,0.09967594683862818
S008,0.7536972477527591,-0.4393289725500067,-0.8293092927138913,-0.10552447920571575,0.15272125067937048,-0.7280606879754434,0.13582913799103835,-0.14832491936324774,-0.9396516442539973,0.875145028322457
S009,-0.42630211369993865,0.9429619117444888,1.397013250306706,-1.5545114690004154,1.2959162198451202,-0.6852347337391855,-1.6120120074966056,-0.48792941984973387,-0.30135444750580404,-0.32591689395169915
S010,1.3275475127294274,0.026803856702415637,-0.7280708614318466,-2.081461369573935,1.0706624622900691,1.8958243710902902,0.532934629155268,0.7994062763736074,-0.4694510983467018,-0.24461155223427405
S011,-1.7017655350302117,0.2962980326156617,0.5355104832520029,0.5405572649065667,0.22385306238300917,-0.38681140780865986,0.025751113919941854,0.09574727202078205,-1.1537145490134504,2.195207245409522
S012,-0.5230466949262698,-0.41986969893603426,-0.825910169234048,0.6415422040677714,0.6708730864694369,0.36319452346683045,-0.317327029659244,-0.629959704587882,0.01031434718443528,-1.2749559820419958
S013,0.37476504911080655,0.7450908304978111,-0.6546130741384065,1.3937572758417185,-0.7712918229648092,0.9099401917162363,0.34514959672054113,0.6245490770347705,-1.627358481906583,-0.32814219898427227
S014,1.1859963841892796,-0.7853588526912683,0.05225303599472579,-0.23360140576686136,-1.5183950034883316,0.5241091593293623,0.228799751698025,0.8104189775579955,0.8060699862491079,-0.5045868668113574
S015,-0.887003390296389,-0.5688879879739325,-0.6561134566062332,0.6333205498065229,-0.08373833773847145,-1.0593421067020288,-2.1947277208156764,-0.7635739592012039,-0.11947200072095368,-1.841772501719958
S016,0.7828626904645671,0.7976269824119291,1.1334591364810134,-1.4311843148577856,1.4198263800027147,-0.9092886449073343,0.5810599886351814,0.48815776237726183,0.7671871779132837,0.5444937615473394
S017,-0.7664540137718988,-1.0167223403276306,-0.8623459388983173,0.564716835747553,0.7319211947536204,0.00425311753205291,0.7169304208914318,-2.1200906178207206,0.9561485555540006,-1.4963401060862147
S018,-0.4509514917823794,-0.6754358900086581,1.0023861321458407,0.5119036502671989,0.749120056225078,1.9600038752871136,-0.09702972638807554,-0.9940740223412128,-0.10298819480836584,-0.8147416581104598
S019,-0.7403521543466438,0.1199442485965759,1.3158290596732367,0.1759726806527859,-0.02304808958383491,-0.2512671345291491,0.9478346562756118,1.177150010181482,0.39646595336212886,-0.38155877760769397
S020,-0.6669723379632093,-0.8337724969332257,1.2005267503153148,-0.3008265890299128,-0.2854038164354865,0.4263896557826092,0.16082851646073093,-0.21589591024522573,0.8463800480949691,-0.6435340705088152
S021,-0.11823814495949775,-0.047576681893326866,0.8767791423988803,0.21618008091656649,0.16519196725584473,1.7337362758968529,-0.019665417608005036,0.7519307629877146,-0.13148404955834364,-1.3074004056391844
S022,0.344050297596739,-0.20801173299740566,-0.4849623288153147,-0.6668915091669044,-0.30384396001485386,0.8013673402787357,-1.8377122024130157,-0.007012088480304832,-0.511005147148347,0.25184637572228163
S023,0.5536211033789309,-0.5392533966546117,0.3978896443569191,1.0734685844776466,0.30149950167271344,1.3883020860618793,-0.36153522433088786,0.2166584001505096,1.3420398573385344,-0.7220328025425583
S024,0.5197325659777232,-1.109193373523463,2.227374772567193,1.3745288136773637,-0.13549328361892238,0.14764185915991643,0.014298059320981646,0.9876375341584251,0.7088234746196216,0.08834087791310366
S025,-0.5907330592207505,-0.887787087956093,0.21887606657512038,-0.2525532139527611,0.2617713600888135,1.3917727289296955,1.6512177315496708,-1.161200020989567,-1.3054929970210007,0.45193211547491213
S026,0.33608463840452685,-0.3019661185029472,-1.730141808216448,-1.478450690317436,0.029714427400531245,1.4849854812257806,-2.479889098988807,-0.7025970543245348,1.0826254049738175,0.9858044863645589
S027,-1.8046942897436242,0.4274831397394731,1.3734579612603017,-0.7787258235881372,-1.048986847358358,-1.3101540677120604,-2.207837662816346,-0.1909353565351796,0.27948553593288594,0.5507561065773059
S028,0.5905223532225569,-0.8952390244499802,0.5646832729801562,-1.1105682906573164,1.096003115102424,-1.9107693955579355,-0.35981759768470534,-0.3253873956653026,1.066273643095757,-1.3752751333764937
S029,0.4309448778745113,-0.5688562203911307,-1.3332610998845296,0.4346498315203122,0.27762758098412504,-0.5861985158454948,-0.012589463440677903,0.22133109570842427,0.9207059082339821,2.615353388322003
S030,0.08592686385365289,0.3525359322522897,-0.8864357696355515,-0.7342816304180968,-0.2640033529155263,-0.5304737532200315,1.04197059214273,-1.016311615283806,0.34734032211488636,-0.30791432444582983
S031,0.43425989519697894,0.6811199608518359,-0.6292002079311207,-2.516127192843276,0.5298974934598655,-2.4258575431611065,0.5465652622740578,-0.2155312587525585,-0.3832022519460225,-0.09599568297402884
S032,0.9307252926054097,0.8470383285298843,1.2919913366669333,0.4738837140892226,-0.42856182699660617,-0.1967509241198231,-0.9988787872756895,1.202634076700895,-1.3575627994693158,0.8117723941805375
S033,-0.7833415355186367,0.6115478589548373,1.9439259269863,-0.4620798002245139,-0.801926863988928,0.18254352720088338,-0.8195546252703487,1.2094565749432606,-1.2145305296986624,-0.3494194163930722
S034,-0.6895595856149237,0.0954160337042721,-0.2598225785332464,0.6080214001055743,-7.79244371268703e-05,-0.14699545185823815,-0.3432423511689012,-2.0445413001506174,0.5400078313323037,-1.1557792611059226
S035,1.294692475951916,0.08925343677651391,-0.5946459977645571,0.11909495363567633,0.7806869439659286,-0.9306449609016131,-0.09334222447480311,-1.0836090461329126,-1.332851620219014,0.029112446673684466
S036,0.13217252582909123,0.5499928416632162,0.7863983125063413,0.4921346609702408,0.07968790982489524,-0.49423695327755823,-0.788053595669877,-1.0853640916167593,0.6034274582900088,-0.7061654851668395
S037,0.9315460418886972,-0.5936758956524408,-1.026746183842945,0.043094621330501855,-0.5171810771176703,-0.1373988830092114,0.6351451677018024,0.3223949219711196,0.992122004230331,0.6526233206141393
S038,0.5979250589094884,-0.9059798722430156,0.7849156806652691,-0.7389380724941843,-0.7217173129624836,0.273606738599071,0.19128299619365086,-0.47476248537170923,-0.824345593526686,0.04089776815813407
S039,0.24913360646992522,0.7064161441892385,-2.308780715771253,-1.0442322651962015,-0.06806920549428887,-0.14093293983548683,-2.8232995629449396,0.11916767308441302,2.1762246061441224,2.1366935922276467
S040,0.6552450047397469,0.5398319616350266,1.989424632927409,-0.5948749643957917,-0.736413275193085,-2.086096433581893,0.5228908652732195,-0.26615283055217603,-0.6524546475347487,0.040607569869656156
S041,0.22265763907799863,-1.2722854759929052,-0.8017633699725142,0.28531943039707425,0.13822894148352496,0.49799928206479815,0.32523254865486645,-1.2341701348002987,0.18056019294707065,-0.45593181785102643
S042,-0.4676109084097919,0.29805231164749,0.8972959675730745,-0.8467420922640195,-0.8932751746201243,-0.4472208557736542,-0.9453287175995301,0.05026620881563187,-2.296437500337263,-0.903392150236098
S043,-0.9007460111151473,0.1674707865986839,-0.6050434544904998,0.9601515283689331,-0.24845162098662957,-1.1558375116461572,-1.9308864262602417,0.3052329630391945,-0.37947940662453955,-0.13018567023435199
S044,1.2187417930667053,0.1859644950367265,0.3900996946024292,-0.3571946166207577,-1.012949930015113,-1.1375569669747476,0.4114451004205296,1.3890897341604982,0.35779924849622574,0.2021168824540102
S045,0.326197990240044,1.0603591157187624,0.06785454966011772,-0.6210967927724959,-0.9847384730021527,0.3371525846177273,2.377485332075793,-0.31119917110782386,1.4375986501680573,-1.6498899593351941
S046,-0.04496101462493862,-0.5175611975002563,1.329193274713799,0.6188204829407816,0.3375840191240506,0.0690097284909273,-0.7686990621432356,0.04248563700788101,-1.3465281282038777,0.5454759495567665
S047,-1.8295470392257995,-0.04815298200565454,-1.9109814832823473,0.825885107983803,-0.08708096432002521,0.11222398782788275,-0.5410752160066724,-0.4483052322787658,-0.6253440909492649,2.0148571921969847
S048,-0.3542284314943864,1.0523145215496088,-0.023951590168622822,0.5568277040890905,0.13367672857010998,1.5534175604077634,-0.26648285524472465,0.8461212330591764,0.506949360565043,0.37418124330975244
S049,-0.30257114061028595,-0.8612483993532986,0.3250209281414449,0.13937029177487212,0.3601712939264761,-1.9302791320478017,-0.876679912217802,0.5755933230688212,-0.5834133446223538,-0.48884659363098054
S050,-0.37768889545120043,0.7317351501405736,0.5227548076417573,-0.6800723590118609,1.6397377114029243,-0.38931713367803883,-0.8164057324624951,1.3092221662302579,-1.381648819682823,-0.7862342614341951
S051,0.8479042857265129,1.0192386985371094,0.6553758286176465,-0.014176115085541221,0.737026307377363,1.6285160039384454,0.5169606171238118,0.7679894507858316,0.06680701127872052,1.9241075889391583
S052,-0.4427510705080815,0.33756551328843,1.3897961385896236,0.963198510665242,1.8100021129493236,-0.49166682118090854,2.1722315417773346,1.249498716535849,-0.09190886159706442,-1.1926640523108738
S053,-0.18852975551179507,1.3708410910888071,1.316517881266747,0.9531430388219382,-0.1171606539199633,-0.11136198195084188,-2.6591539528495227,1.1485037419761437,-0.8967026858803604,-0.43124141913667985
S054,0.049760017509105914,-0.7701958402141489,-0.4367217253239194,0.7302728636210111,-0.7828270138189893,0.7348732401243022,-0.7683800485633564,0.9360461935745519,-0.7895810078744327,-0.19237828436656884
S055,0.43743036332270435,-0.7321875183320368,0.559212260039658,1.2174262922624581,1.6122427696465575,-0.16228611713890545,-0.8590884207177337,-0.019627296317693183,-0.5029036962922341,0.31362371914764287
S056,-1.2262950818780647,0.6609895091511184,-0.9162100610909865,1.8950334283967132,0.5000939500496957,1.1692555052912907,0.5285220947280761,-1.0884497305184893,-0.6157211185842748,-0.8810615616562779
S057,1.5775455174420019,0.785712685126797,-1.2360164078474478,1.0896130402438327,-1.9704699131866583,-1.1915216765206744,0.32010117342110683,-1.250031607100715,0.3539847527197807,0.07164735266005202
S058,0.18832006593979514,-0.4269501415940355,-0.17969721020896404,-0.3841989444657559,-0.47251258037564015,-0.03467982583941972,-0.15164616700918004,-0.7181244334197919,0.927137094255122,-2.93146531782054
S059,0.6029266523196273,0.08937940825179541,1.0048535201476312,0.5527314587087445,0.47944118911197126,-0.12026644255609313,0.44691265651930073,0.7588408562667933,-0.3615124556153623,-2.1563801416415043
S060,-1.7942211405793524,0.2794159751636485,-2.5642513824819964,-0.95025148078377,-0.48738000387799635,0.07654926744817367,0.689966948886464,1.333023746893098,-0.723254214756514,-1.6505186953595619
S061,-0.2123334011721087,-0.6954530809147962,-1.2420397658563016,-0.19528384591921202,-0.6105639054035998,1.3757681533261774,-0.6398162994399482,-1.9454665355252108,0.1110367751160872,-1.129735165495814
S062,-0.7670872974022762,-0.3127453718189895,-1.3226615718611336,0.6690514621008619,0.4990210116867668,0.43324814639728215,0.7012725461265937,-0.16456144697917774,1.4577819842265853,1.4317978568083232
S063,-0.4735481356719477,0.34662280732346257,1.4868333032582728,-2.046548009367011,-0.03222155228903246,0.30131762633515263,-0.8509280765339913,1.8050530211130276,-0.4523024133689426,1.58286965923233
S064,0.5017473170105384,0.8568387390181101,-0.5046171580287833,-0.5619726265657671,0.09566954213180458,-0.6540611672666605,0.6256989392683778,-0.6490281683866785,-0.22603100167201082,-0.6201287120214708
S065,0.518669232366918,-0.3487860478408967,0.5700411268166579,0.5558515108666354,1.1020786780642486,1.7009968972230487,-1.9473423468606135,0.8448334854484904,0.07859363274197928,-1.189044674225896
S066,0.08557058907503505,0.4109316212964695,-0.13791196379891493,-2.2197242030761593,-0.26666900895301965,0.865545816394389,0.10370173038897655,0.1768415218307953,-0.3478530885029896,-0.8819271846996288
S067,1.7458833836458254,0.143659456540004,-0.2481403965671824,0.08256395400898285,0.12431128729503929,-0.3003100323548994,-1.2387912413688642,0.8517506006491304,1.9434561886007076,-0.2488847503529925
S068,-1.2368474200732666,0.2919594325498671,0.04555117911110079,0.15402979690716814,0.9218053784660032,1.442219309450053,-0.4629588409099434,-0.5845533837164142,0.46402508806745146,-0.8349743842563763
S069,-0.8880719679137662,1.149260176754759,0.8792998605372074,1.4048236435282708,-0.5032417624111997,-0.32417598925357716,-1.0135055217537887,1.899548145585867,0.9734991469408699,-1.2203910585254367
S070,0.9177736203769014,-1.3677620909078847,0.5859276799445593,-0.7552268666785918,-0.18548938189763453,-0.2309491781078565,2.534917784510676,-0.539040192165879,-0.7991831473318148,-0.6875528953237928
S071,0.7331652201738702,-0.8059596163360332,1.384510769980825,1.1742536163499255,-0.48873018373269767,0.012236430307405686,-0.9426540868132252,0.36534749463754757,-0.1770792595126444,1.2569950657199367
S072,0.2977478003533737,0.35377313302921126,-0.08200215618364473,0.3166524650827392,1.176388650868653,0.26539038549258476,0.6110695104204303,0.154927312896797,0.3021080978030625,0.5068055131732668
S073,-0.49448216462026595,0.3921413989899182,-0.9796136226165388,0.6554833003261008,-0.6256847964694547,1.020995508011295,0.8813068838915444,0.030493159080682824,2.306477394088005,0.22161646994848905
S074,-1.1522213701945674,0.7122378245542241,-1.1648681637909373,-0.18924263793889132,0.6615552337569868,0.650513316674094,0.4789038288895806,1.669150370276982,-1.231347987215471,1.9949473469085726
S075,0.3637942815825506,0.012805646856716257,0.4482575273874016,-0.16503341676797,-0.9190179728293552,0.3483538467863629,-0.31666481090002224,0.8265804788200255,-1.1409694376470239,-0.4449990855706358
S076,-1.4578815011585822,-0.2761600079393473,-0.37791672530685716,0.3689827011511153,-2.271865447387514,-0.3653922501614718,1.1389724963660628,-1.807106699225235,0.3576001805322046,0.9575022305103327
S077,0.5941268393461655,0.2624211717881647,0.8204383144316245,-1.088290145042655,-0.27780749668437077,1.9750723917069284,1.7951332535719506,1.2602657860581967,-1.4864572045227178,0.2435722697867851
S078,0.22869456980128844,0.43537325589239506,-0.37004798599074884,0.7368217600583006,0.5174426182806349,-0.8033166434876258,-0.12806967354726975,1.018880663025376,2.467833484942069,-0.8605896767324664
S079,0.0913458705843804,-0.9242626498033679,1.2587917063366618,-0.3113594987988674,-1.2251846726917155,0.14847765108757158,-0.6585802455879534,0.03235569467692578,0.04645134907145494,1.7688460004598427
S080,-0.6425570927893975,0.3207247461371288,1.526698536796475,1.365338655638912,-0.5667904112157031,0.12922824067091768,-0.11680610084510674,1.0063255610478188,0.8355341579023742,-1.691613815357668
