id,Gene_001,Gene_002,Gene_003,Gene_004,Gene_005,Gene_006,Gene_007,Gene_008,Gene_009,Gene_010,Gene_011,Gene_012,Gene_013,Gene_014,Gene_015,Gene_016,Gene_017,Gene_018,Gene_019,Gene_020
S001,8.650402384418646,7.021216626226717,8.686959060795669,6.191658269944329,7.362505924003911,10.903743214162443,8.79600376698996,10.865855121058054,8.744289765951876,7.777319740260062,6.704954361088438,10.195929817520208,6.500220976932317,7.868934365647461,8.633572078641938,9.351961003760827,7.0113971188999855,8.873767025818832,9.06473428331627,6.763598837383895
S002,8.72137904323333,6.935268353040789,8.855460776993263,8.60134061473964,7.6134363417121556,10.599502322343366,9.210834824598455,9.387270430527016,9.645328579983154,8.275045500619191,5.264028900358477,8.369326966026634,10.364488667555603,5.654638834492822,8.066647916649172,6.56407069931193,8.635089804898609,4.405444736965902,8.630149508661363,8.406916798865877
S003,9.15180814255633,8.076159255285184,8.700711833996367,9.60643481770845,10.302450196213464,6.529833061613029,6.341228435975143,9.198980406449591,10.414129314300911,8.01189832470213,9.366187516282023,3.494257507794716,8.90800392512681,9.021515985626053,9.177267610299456,9.025833935525114,8.109062256154983,13.915396543352966,10.078865765653527,11.764779360308538
S004,9.842011734407581,6.2750785306436425,7.157596923933007,5.065083743016423,6.802574536568747,6.639102425536775,6.400053630126149,6.974694324600789,8.584790428226006,5.6019921178045635,5.190698103033831,8.873651084681976,9.347766002005903,5.177819634484674,8.41215635967377,5.70034653252068,10.867074455576791,4.925983043648005,8.89669589703351,9.57279041329108
S005,8.7212362832302,8.502601915010784,3.8926353279935917,9.961730641809602,6.918650523466523,8.693710796875889,10.811400980075408,6.231357418892156,4.65467033706695,6.55366604345717,7.510083368416483,13.77314388335541,7.869251952712268,11.030796366713801,6.067422927958803,7.196531896610835,8.769590233689188,7.708067184399222,12.426791213177214,7.075030522830744
S006,10.996046039581696,9.300978794895,6.43679405881014,2.5453357733784454,8.177240509562226,9.557973821711114,5.991774328448708,7.225841461306859,6.7564747408339745,7.116766618932878,7.288436009204339,7.17495019848293,5.80475270675136,7.279617218093403,8.569016661379436,7.429393025352134,5.924306825926154,8.24027144926254,9.062857078802491,3.7928752911646697
S007,8.099054450127493,8.507221318551252,10.813858115651499,7.110840251127154,10.61499525022158,7.442870203570674,7.746668051135635,8.382636447580655,8.097707433329747,7.476527435115407,10.527539538255471,8.743037614830705,8.351934276338989,8.109913991369673,7.044915632359886,8.90872826774767,9.555436525660767,7.382411867538144,8.03970144241407,8.11063802038559
S008,9.8866420504887,8.79211417454451,7.778439848645635,6.940486018968045,9.659641009773855,7.4498986941476595,6.451470604932103,7.677766423430734,4.349022152648657,8.714250926405606,6.690217873982341,8.900393407578935,8.93318444291016,8.153414476813792,5.564286719508768,6.782449170986358,4.4912410988067055,6.682658808714525,5.103539186223814,6.073522775815823
S009,7.213551032569439,7.464414826670508,9.75060310831983,8.037196407672628,6.995813758802329,6.453523753704975,7.9012538593093735,6.653362923585369,5.640783950358816,6.115648079229179,6.140710310199426,8.606704314813559,8.104693767627893,8.264975120757596,8.388384057502881,7.684340260036044,7.003039363594192,8.424749112956912,6.416349620268676,8.958521446382813
S010,9.2286171650139,8.51605702359954,7.465558155377626,8.15891407325884,8.828051646367392,9.177743931900904,6.196688968635071,8.88395650212808,8.037084689219643,9.702033774063962,9.966101370699237,10.956731097645683,7.964082755455307,4.138535003894637,6.56748411453121,7.135849898749328,9.659933801353045,4.836841038419697,7.84193036635113,7.967977970595748
S011,7.4333080407460494,7.710539182395982,10.461886064736742,10.31516332445388,6.127395232900145,8.520496111724059,7.053284170582796,10.493658481769934,7.748070777560966,11.781410197475154,7.756866844402679,8.48812348583484,8.010683210970491,7.145647910673728,7.493180404826308,9.518854666041719,9.709415075314961,8.032980361245068,8.328404007620634,9.004891021455833
S012,7.043127852880306,7.9205413244963925,8.05436241739649,8.884135817200532,8.834110809590674,10.092560239738564,10.034125667845487,11.591652664231063,10.027427291294348,8.716647385649052,8.796965005535242,7.696337477329766,8.504911612663417,7.991488558066652,7.185840087236504,4.694073922716489,9.730041892202868,10.095489494179985,4.516244312627954,7.273101836595556
S013,6.625773744910303,6.007743525284334,11.277857646124204,6.974412133846583,8.22486822673516,4.840206000007937,9.511561650628973,7.9243789657621235,8.133916365689325,8.506194906616372,6.8246345691814065,10.112089090958726,8.582595034597446,8.374861352498993,8.002434560630642,6.0878292660998525,9.069356444299846,8.157991638217231,9.631491812790667,6.962173037925582
S014,8.491395120489207,8.581010822385675,6.779584862576573,9.861096986890702,6.710067797519491,6.449491792681246,8.858232828438242,7.943806023473576,5.616182957308148,7.663805286471474,9.362009365234055,10.279359464331224,6.135754420469668,10.331057305010626,6.857134370845383,9.613972824629336,8.582955287942006,8.213162683836945,9.303504180783623,6.938303017541118
S015,7.846996356163959,9.085695957361875,10.100519488554,7.266920287535906,7.992169331921415,8.15505304054614,6.336010324897792,10.792640511674671,9.368274309954641,5.060750947223246,7.6577532870335965,9.239927581201638,7.75924490614044,6.393574030683746,6.6393972614736185,8.343051140667997,8.931062637265072,9.60700842980217,9.11325183359549,5.716356089724533
S016,9.346699118415609,7.468987516599707,10.171629239297138,7.8959827154262126,7.506578100884847,5.456988297750401,6.460548872293595,5.498542016430695,8.182670356607943,8.586470888431462,9.094177256156337,6.923879318331669,9.07787642376731,7.361983316138349,8.4428548595099,9.184675748539837,5.359195210868346,10.761900076280842,8.664353278756122,9.290261251356492
S017,7.886998384106827,9.551564315620308,9.015313300049451,7.4377969727502675,6.836168873941105,5.616112157322297,9.497261854891631,9.384913287106851,8.415704663548693,9.86364845833509,9.382532939383232,8.586568877816898,10.253485023407865,9.566551859911378,7.333270227070997,9.285762106323462,8.648327890880717,10.090379103828978,7.332549771994845,6.3448054996413825
S018,8.965972877773552,8.029308261455142,6.106601895661377,7.6254450071769,9.538759980141728,7.692691129434489,8.315249573470757,6.138468966390845,9.17413688952172,8.416595175944325,9.459978366966572,8.248742752153852,6.14009390053632,8.787792111767592,7.574393711588488,5.810859755709885,8.360624492719776,10.214466613113718,4.188267266156599,8.217244895488601
S019,8.923979597026452,8.268443965084877,7.078675064377367,7.531684809880335,7.813275797689783,9.543309959925212,6.648323074288243,11.364069751020754,7.668356209924274,5.336417248048994,9.74608334095841,9.445533337176313,8.09929771059762,8.080979219765169,9.330881346400073,7.444309770204299,7.60412602449714,7.676995590219983,6.557021639676924,9.090078863863134
S020,8.857566267341369,8.485901271197164,7.569281206503012,8.575773447805444,9.143440169941085,9.14045626122169,7.465817637932604,5.059134487197932,7.11611018965744,6.718590251602938,6.003818849524913,6.911396205715297,7.2237315677139655,9.644310950022026,3.475362498873621,6.7448541040543954,8.73673258618797,11.232824141955437,6.752997888449572,8.879179549436914
S021,7.846643194109944,8.170492851492567,8.143894559783943,9.940704273473129,8.476667512675323,9.716000437673737,9.534725241936906,8.266040226178829,6.484460817513638,7.877246375100545,8.709667728220381,8.913385593492482,8.771356052548207,7.756355559846188,6.96365821562004,6.994453376115224,5.502328481983529,7.754217252833604,9.379559118580678,10.353129796561316
S022,7.395203038288052,7.049146345048983,8.334967428504257,8.024051373623436,8.53838512015632,7.270636937955913,11.186124387832514,11.908446888578613,11.063060759270858,9.475114160666967,7.475723980044627,8.789701265689335,9.937799921207988,3.2357084840773336,7.590552711382482,9.607738988398559,7.980591092802042,6.875947578295128,5.674412935506527,6.259673144072835
S023,9.41365090737399,9.073230112687776,7.634835243199296,11.127454769659675,7.824053271158997,7.656662745405649,6.415234982382649,7.358638804398354,9.017505515043725,9.30955417582919,8.894377800802479,8.370499500781122,8.249843217294984,7.3990071316089905,5.9865985466994545,9.390442024630532,4.261433687082741,5.095999558926563,9.657849091065444,8.793386978555729
S024,8.6053984073864,9.91220401159542,6.875093692656947,7.493666933946128,7.829931428531447,6.291367784359279,10.312113116562843,9.00980131748676,8.576625400373107,7.754545303152329,9.867028744578404,9.383127920586025,7.244560437074669,4.89672026295939,6.958726684240852,10.5510160643866,5.792729450880267,11.120193530595074,7.875467198878348,8.994840725719477
S025,7.2856053086734915,8.765855239776496,8.023559106563585,9.710838445829257,6.571253397029501,11.49753939911797,7.735072802850259,9.981510429968932,8.096785338048822,5.647246096760009,8.58714304490434,14.84943188639394,8.385346287112755,8.710311156947125,10.151044482512086,8.156496204767327,8.335751151794621,3.9631592936089213,10.42424715700702,8.096979873422706
S026,7.567605329578362,7.361985782770162,8.172659394307667,4.494903421273715,8.134663243419,8.872382316431835,4.258503793429541,8.327215267292152,4.361686940684191,8.171624283313403,6.437127884856565,10.865447306548246,7.369353651100572,6.247092481318201,9.366538221640079,5.42956332298669,6.643872835049059,5.5724581744629145,11.70860446200181,6.838030488438174
S027,7.505255635470782,8.09841683133898,7.9985982418166275,6.3317740888600476,6.6972497624038345,9.662994094165011,9.923921524191451,9.579154454614814,8.085862362167086,7.988674069395641,6.447201130493985,9.06859637103651,6.577749822773518,7.394552503145848,8.842329941252473,7.98534250893776,11.126183588224592,9.034477457951885,7.28557726003142,8.023986287713042
S028,9.658242508987804,8.85569130599052,4.320481994678397,5.869993247262746,11.353982254501735,8.70435371254086,8.778285871616314,8.985807643426362,8.344217288995615,9.316475240821399,6.957131000373677,6.61124005801136,5.300943583228434,11.052150071276582,8.733715645532149,6.414735396646778,5.295985763004111,5.349210984523975,5.025449068342967,10.23438726358194
S029,8.937454977188604,8.776044593822004,9.800429888194117,4.3856339880944795,9.237003833415264,9.91080743583394,7.852856714316569,7.399018574559756,8.369216296245824,9.45830821097539,6.494626062652021,7.02755951790796,9.850290325661714,6.86950765774583,11.143990314990978,7.461129798185723,9.426915149576653,8.721417754242548,5.767920721324227,8.625605997655166
S030,7.551540992601962,7.863975394053085,7.950219012243955,8.0776126964157,8.439317267788828,10.168375424079226,12.041326284551717,7.402128315295305,5.8154361319671315,8.806920221768738,8.764706730717355,7.1060016919291655,9.27633935976738,10.002042621847716,9.688882335599988,7.251333646712671,6.516128125144846,7.701343496711942,5.414071708790544,9.316901254420408
S031,9.419001573591114,7.18089244417116,6.738746498716221,9.475367805785895,9.325196010536075,8.39286319410306,9.125462676767539,11.023539584358488,5.552325411839416,5.922913051480739,6.416105890947053,6.466801567992539,7.175313050466656,10.233740367910194,9.050251681342916,10.039959931890632,5.997544155463364,9.238186337469996,7.953403044364456,9.474663401342779
S032,9.088216321119146,7.151093514229287,9.637820401745307,9.713639032329834,2.7330455591617495,7.174609159492949,10.304251665885753,5.579780456956025,7.546811552122966,10.321830597283828,6.1370298172375755,8.716188737300676,5.525757077861753,5.924883712403767,5.886753936493195,6.142652293240424,7.8074617498949985,5.365623119157087,6.126648205942689,8.070282910756083
S033,4.900976596293242,6.389258966786642,10.007599766310932,9.476277278525316,4.504951834654767,5.888217417806612,10.715317633474932,10.73019036650265,8.309741991630965,5.665498833946991,8.79574174839871,7.429038987911845,9.839861015205672,7.53180307640726,8.654449849913917,10.90127961422332,4.4018389620462495,9.216942214231898,4.688701270453937,10.0905744483496
S034,7.632665068022444,7.666183782171282,11.586448638761063,7.537244343057341,8.83380381470742,10.282267323467302,9.908183671470077,6.063953153898428,6.038165290251594,6.4973130038816675,6.818234251121903,6.301910796363736,8.772628398214152,5.490766873655403,4.173154760322067,5.530505658613748,10.06520893603869,9.142135732432331,7.419442566579101,10.113928440708786
S035,10.546767099014598,7.358454198840943,11.708627119071474,7.973361338432012,8.576314483418253,6.060842270171113,8.854770554365532,4.535275318683648,11.095364639698342,9.417788004878204,9.458633794465236,5.381344574281662,6.566573398758752,9.876959499622167,8.65882269787508,5.865314626479568,9.356491964167315,8.905458171524709,8.3047205914356,6.9764386923995385
S036,8.795252293945312,7.823122703333071,5.702403358847818,8.184528792954742,9.05720762973395,4.719035103622742,9.000965944974153,8.175332029802732,8.789209492578086,8.545392717093765,7.701352092638323,6.72106770895687,4.657294365958982,10.450684754827181,7.133933321303081,5.570943559256824,11.023728694602962,5.269326845431273,6.8520283233512,6.988772131790109
S037,8.919454162162529,9.076689099792576,9.107283866848254,8.744579091463315,9.500772970412164,5.774739154933021,7.383532613872299,7.770016316811383,8.951167903865525,10.903439489422542,5.5169535022082155,6.673472198120444,10.621643393806378,7.903561480533164,4.940343943946566,9.564108803712246,3.6399372397208136,10.638216454226246,6.417639874441296,9.181994356139748
S038,8.603215835611266,8.634159166527699,6.497605543852806,5.677399575916583,6.352626473357284,8.771345251777243,9.006162962794374,10.19411764612075,5.644737258400397,10.195496083516245,8.049638076322687,9.270905382446939,7.987119684968579,14.743643548627748,10.855921655087243,8.784622948727517,8.891000686013154,6.712570259958605,9.291481471676427,7.932484449401278
S039,9.170095565697363,6.717624065418428,5.249732195854525,9.715048917931457,11.35797719180595,7.656019947896751,10.381880604624573,4.615896824837678,11.659598863987583,6.232735602766225,10.138598367156746,8.054669238345042,5.911096659319871,8.099563057290469,8.242480077335573,9.569645954009067,6.90872044423922,7.80457987118083,10.281921627881525,6.80867623032204
S040,9.19759385515687,7.774807694275818,10.110435845575559,7.433029448648258,9.786323941841788,9.708890943317897,8.089413758626128,6.227902738598367,5.5982788199879305,7.462485181085634,6.7917775791870305,9.3924389257077,5.253878238136386,9.260647847541339,6.346341869246911,7.4096708190188,11.21439662111299,6.0515266174576015,7.600564999764909,7.698386744100793
S041,6.773987508358774,7.984597262541147,5.669491785912132,8.970978067071817,7.9538609382795284,7.244139414184421,9.14446831454806,8.361568706460789,9.479269826137914,8.019656633746685,7.169358473606657,9.74875865233058,9.806271647181875,9.017673883424898,9.634156772297171,7.0254701206774675,9.257325278738533,7.838511222115421,6.91927527372421,10.710001490645382
S042,6.962241935026675,7.22815769912931,9.736952985836842,5.643824507273671,7.816715737596974,10.345051364117277,5.453807115706281,6.903237069872877,9.445393388289656,9.56328162700515,9.622979795634066,10.3739369357582,10.26189166419771,9.973896313880621,9.67123409702169,8.448614938029467,7.322096233453335,6.997934595877948,7.780812710962346,9.404100028845162
S043,6.266487542949102,7.764148769607239,6.793147802050065,8.819204928342295,7.3772932481598055,9.227880074525848,8.74846445261454,7.505153213318216,6.2500364991909105,6.961673426502231,8.612692987564033,10.376422630852739,8.848393758903622,9.01004211345124,6.0130336039833026,5.971341289951566,8.383604352478613,8.526175128635225,6.788213186161226,7.913385252952076
S044,8.466793822831358,8.525590668235656,6.701914548577028,9.974395649347288,11.549821963591814,7.888504747258311,8.19826631694134,7.497268163850116,4.522728063031895,8.343244779396333,7.561563649780368,6.578826659774953,9.577313803308233,6.190284231570409,7.044083358233186,3.649269049842375,5.194793975467839,6.517715727122678,6.558913557941697,6.190574587026014
S045,7.358906268981845,8.07311195031228,9.836321288727419,10.108121134772006,6.439096689286853,8.011477944553247,6.948076613116468,7.76563124590272,9.672482241557411,6.808622827545067,7.350465601297094,4.973671852341761,5.327328621765044,8.092659493382419,8.883091804531457,10.2116446528229,10.217529995945725,7.674628679617367,6.214655696272849,8.39206975257779
S046,7.0228492640830025,7.612177942579593,9.130253110455762,7.697643103221875,8.203565666949968,8.679111986345825,9.99864620612015,8.64262111272671,8.017487174616349,11.707533407894193,9.421554302298677,7.582658781715392,10.571797848002232,2.6169694588920454,5.719306496238142,9.787370455914814,8.947645894717628,6.394963507387811,8.986013065580593,6.52021866726467
S047,6.545642702789595,8.8695190450599,7.488294896620184,5.781057426141892,5.518020306823775,8.745729419624562,7.342589716613497,5.599352973365473,7.768976441107532,9.4779521703237,10.412176122362196,4.845233720591831,5.734624288504866,4.526859692716812,5.119083431752978,8.226635028742947,7.787633387346264,7.3671182826245785,6.769222410834827,7.033548927067809
S048,8.330340738652835,7.6236352213607494,6.966064861600976,10.712401577001366,4.294920551945832,8.172625130262675,8.94949697755318,8.751259056482851,6.340633766414271,6.807124584458409,8.156549988098892,10.094554242177725,9.721154134368977,6.916109683851808,7.20033200490864,8.46214591061615,8.790228773376487,8.653903655953982,8.790939704565073,8.192111783737166
S049,7.126440824249511,8.844196190042227,6.165538834753498,8.593961926586719,6.57671422313725,8.73836677845574,8.260944499859466,10.383954605936143,11.778215887999172,10.403476206155567,8.08149519744845,6.7467970800991335,6.478901296056298,11.085074497537027,7.338063848059242,9.120523318673659,9.590217900290332,7.979208988412984,9.24927259757547,6.590638116010763
S050,7.899530994784165,6.409188918793073,8.449597592588681,9.669212180222999,9.474761473976203,10.10499666561976,9.471158800070375,7.756406062342741,8.511992171161335,10.194116845634841,9.346145186441236,7.14081902060387,9.824891589769985,6.45667175714666,7.457805735265931,9.830572592134903,9.675975526153234,10.478093166584943,10.312652559351159,10.232684940660452
S051,9.981198506580498,7.04723286026068,7.594267853256245,7.245220703061929,5.853416333380858,6.12583856120761,9.263588955688707,6.61325377619161,8.302593988398069,10.331380401016855,8.668912566469468,8.061963306229577,6.626448501808191,8.58924681717492,8.0526723100247,8.787900489715986,7.697016326798299,6.407893173298698,9.802485007390514,7.50221701239346
S052,6.265587292506028,8.006145026883976,6.755460471399793,7.929293359956303,7.999839124667231,8.246891705774118,4.9173634748805295,4.900157312765197,11.583080041496697,5.0636349162200425,7.092066309612096,7.6641122130437545,7.676693882260816,7.226893995951603,7.729387196136765,8.251277173054671,9.301412780549672,8.178667436109103,8.22539732129044,8.140958275710107
S053,7.968246405748826,5.651557260574541,9.033543289514757,7.5482113984245505,8.690816904494321,7.431086064051229,4.725337166275766,8.456556301819456,9.024064456490393,7.322943707046204,9.25734762996412,5.816586161288545,7.882670672771815,7.938256915285034,8.199063260303241,7.621369556133927,9.27935131779764,8.949841390620428,7.870206998287429,9.267063266518537
S054,8.284739258343008,8.67898794292033,7.154104520099698,9.805448851290022,7.922907044624626,7.544334474677157,7.646716102728872,9.587071638947789,8.57496600140693,8.171733330847958,4.259557042589492,7.829125938247328,10.630956653000673,9.36916889103261,7.555772427467068,9.160467143976302,7.813765320070251,8.511501282249702,5.879350188071388,6.385053769508364
S055,6.782744918520609,9.046344682857807,7.663871764549296,8.242355293439822,8.900715679994768,7.542473426259995,8.260057238086793,8.514006728069802,8.169514482927086,6.9749216463348365,8.875514362261418,5.690221294368159,8.065882759186202,7.315299214983885,9.328827240318327,8.047329256813986,7.716915304510355,9.864435891435848,7.622486529349,9.195885984769358
S056,7.963847482285498,6.701158461450444,8.036957653931767,10.780219549355294,11.098703555837382,6.363900363936001,7.219287786760275,5.1969611142014775,9.885370951600448,7.3543656384459375,6.6619053480891415,8.896818066509718,6.036166952302067,7.65705995903236,7.028268709150246,4.123343265158326,9.680932062074568,7.773571076054382,6.188013481138265,9.4631520899725
S057,9.353744409299042,6.76221170687851,8.948774799005697,9.28307964912889,8.233319675533405,6.314768711553492,6.687551588320245,5.348825944655653,7.310948382200261,7.660276420245302,10.552830891779541,9.175560692317614,9.095820203825143,7.501004507919629,7.528996394618969,5.447651302816952,9.762538620877127,5.573603577249086,10.907173750054367,6.6158471965955465
S058,8.106731118041075,8.424747380587783,11.485124977769894,6.499970036410946,11.957717270458012,8.482732448982295,9.907074140295926,7.089373163110387,10.653777626989845,7.133947823048832,8.680278546405548,9.412612888524063,10.33609936785635,11.724079906157538,11.458674313759488,5.723825649439615,8.28150982404959,9.053463456796173,9.82399995939941,8.427187964217971
S059,9.677475749130283,7.786729522240162,9.533679474065421,8.580543941344997,8.575869816263577,8.558883613401884,7.103224172767256,7.920862147735175,7.276308218823163,5.836204124604779,8.614144203536627,7.414784920885823,5.5868953565332236,5.225166133316402,8.200382381963033,6.809658232662944,4.85623582343157,6.132787801884455,6.863425055327527,8.43085587779015
S060,7.728701563168695,8.818473268342078,10.396804485706594,8.135351523535272,7.8788831225887535,9.58583925990295,7.3895485760454385,8.951080875983846,7.532235551984116,7.399748700768013,9.561310057859506,8.961608013494835,7.911279080353924,7.999319378306375,7.553077992404942,8.415950066071076,11.73101282618658,5.365398241149286,10.055600499062116,5.112921137125838
S061,7.4499192333541755,8.410893101305323,8.731922043644255,7.656198981565354,8.969908257898538,9.564498699560925,5.888092967136043,8.802257353759295,9.172097148508424,9.179830573497382,8.380634860408843,8.610636139582486,8.345787403917493,6.98173680841005,11.097192532888378,4.486319911762663,8.965949108782418,6.216457930359076,10.647835169530849,6.071083791034471
S062,7.552814489556196,7.774669214810894,9.258951209677976,8.696167713490556,6.517947664924687,5.829132987297442,10.267339143944799,6.723026486235509,6.5370521098450345,4.889678951637791,6.359963284771962,8.855785604832871,10.692944074110692,8.240788201063893,7.146713280485574,7.898631515588458,6.303533312153139,6.33486472787472,9.637192472538786,8.950991264286834
S063,7.534390223973914,6.869898815889762,9.404730766602666,6.31849788119361,10.952634353791591,11.347925783590387,6.250144815343489,5.152315826707156,8.204383969460688,7.339084866807015,6.35931768479644,9.463761850642003,7.059888217843795,8.341897097579869,8.14047699207349,8.511586016385072,6.945369372257989,9.13143043485292,8.367186199989257,7.200566328895064
S064,7.9893805452346776,6.796281839524378,8.276718291627457,7.448427989932023,7.909597281416709,8.632143041469607,8.805212457869033,7.571273706358044,7.823439210517426,6.156623946481256,9.03221241202709,7.8575784902194075,7.202716896831278,9.5185156144439,7.058171260946667,6.719761983841576,13.057906448088193,7.998637196159271,4.4418324788280446,8.137560293450107
S065,7.991106178375494,7.529552361827381,6.291863229298759,8.70958607507816,7.735874702525375,7.3405598136017804,6.4341447370404055,8.845100310894598,8.573526225399206,9.779977837514098,5.095156761286805,7.287292950913665,10.50348554490808,7.621018199345445,9.382555341698877,7.448414876217697,7.683786694457509,6.739153505967922,12.474145973977548,8.101878343462666
S066,7.809083485926234,7.650315273942549,7.429173901935258,7.209144438255278,8.237289792031103,10.499540158051328,4.208899179133649,7.682321393171613,6.423002384647841,7.895072743681469,7.139068656674967,8.561276506399787,7.107457353437469,5.4361024424420155,5.62644710949947,7.008184462522977,9.231933217978082,8.62115117821274,7.095654093035909,8.623802438001556
S067,9.500046632934234,7.148035173673746,7.75919431616423,9.021553538719633,5.962523714973479,6.0225763915204,8.612041472228961,8.245211598783547,7.440513549161876,9.134741317868336,11.548581250522428,6.287168826252747,8.965521413174445,9.178270930722508,8.775833067037656,8.837037840060871,4.863142220481258,9.978640553214536,11.037028814753427,9.057475418724454
S068,8.320129317435407,7.558618948458902,6.616073013854523,4.717731602051533,5.872378408309005,9.872676119950993,6.643106722817452,7.625707126790981,8.79307677621972,4.980782602227112,8.78025473796518,4.035669192043073,6.963599648416965,6.58645715120917,6.601833792312592,8.205829782355176,7.785490828552584,7.548834341327387,7.521952886308504,7.248797267868156
S069,7.094387773317979,6.45419256399695,9.576154072123103,8.821062558396335,8.534177194605308,13.288618904657756,7.656811512719318,7.316166328273547,7.225287718529068,4.39291147752336,9.227180320153234,6.88944974490352,7.968554130513965,8.236083715565243,6.448007334420007,12.345394106976816,8.80168480552487,8.322211731573875,10.462574961669324,7.779587673462993
S070,9.771320395315389,8.864833309380003,10.11695572884696,11.336326638636848,6.1795997323662,8.92244263951376,6.1432675394001475,9.61211585352033,10.13061343126314,12.254287436252664,7.373985062848312,8.335398700249632,7.735795669935928,10.023403775607482,7.543920125063585,8.83568075569967,5.940793073861291,7.820663040489356,8.593891046291061,11.366750312286882
S071,7.455630858307965,8.635956534597454,8.34514954456815,7.848661957038029,9.566889526196777,7.014501274821564,7.161908174161044,7.944581768919466,8.56900087222305,9.253102511911251,10.253566895933101,9.09993553604476,6.753895027726442,8.510205532389678,8.073698012308908,10.518780718929523,9.201550396669356,11.549651191663223,10.325158995417304,6.640782222689454
S072,8.261969890299062,7.0943028505734995,7.780435016285751,7.641470625557529,6.482786158911125,5.807072534092573,8.714786936234905,7.467573522544791,7.92072716971978,8.347023020524928,10.667484900655701,10.413546309773377,9.384837270765209,9.442785167875213,9.087629217693868,6.196072378758274,6.832574080485741,7.999980988899929,7.5113549283573295,6.85320572327292
S073,7.021083165319426,6.766020254269036,9.679560639808598,11.02258878426716,8.16755002681402,8.530257151774384,6.673681510752253,3.7354983907366854,10.322460606717828,7.463491479446563,8.486833774088776,7.547211381917828,8.97182486057745,7.804472582919289,8.74320743848753,6.198661088502284,11.681847962754839,7.133388506638753,7.403539141379489,11.488841367422756
S074,6.824796477066776,7.521166653028326,9.062848098750068,7.230110693674559,8.538118910517841,5.74005158340391,8.448566405655281,6.081553310766651,5.975740741690362,10.17467899398579,7.726221509045992,6.921627321221415,10.937388215630063,6.373449755737261,7.718335767937387,7.004832756889187,7.768525356364632,10.479321701196163,9.601415539163716,6.685708692722217
S075,7.775828028216037,8.138047953416468,5.300876539324513,7.247943511348538,5.733762090784245,5.3914741978290035,7.95960602073477,7.522029193444981,7.552747250639371,9.860166205862091,5.853110032830621,11.45865158550412,9.641579139284321,8.261879178877813,6.589432734455785,10.176879702014897,8.683740717290357,10.32901583564442,9.7031219313378,9.983338540819016
S076,6.333534258109318,8.523393039502643,9.569753547605778,8.08390740168007,6.295144315234964,7.641554842994806,6.472053001305695,9.158466008561808,6.992771447063603,9.909596329181678,8.625698934074174,6.777529722794547,6.103660301214296,11.655967389210545,6.770078140862918,8.622575618909002,7.576234013872214,7.455170098494831,10.484242738827827,5.980387870738214
S077,7.9630936868944,7.433232642534293,8.52363437942206,9.655815655131251,6.921076782669754,7.438799532480938,5.253386251477143,7.004829898040596,6.170493213958954,9.189228637636546,8.000401235958691,7.966663294006305,5.082520667764464,7.37324896396003,11.173275976928064,7.96060383378182,4.438131875080334,4.904396951194398,8.958881023577451,8.008657289874435
S078,9.346494092560702,8.153037824082555,7.512460145535829,6.402759884427272,9.888679358751155,4.547606383573415,8.662826811748982,8.368128851217723,11.452541544053988,9.881964707786368,8.282065638901795,7.628606295634221,6.8183815272636075,7.02533495180761,4.307188024822262,8.77554887312832,9.516244333053518,9.44522977873211,4.95133461455759,3.2952477060449343
S079,7.9913597336865445,8.167912066772026,7.28258523899051,5.5984289808033125,8.968487631759785,9.304983532425606,9.09173623929004,8.05406029612804,10.968036441250344,8.613811007683625,9.014252962427383,10.602626706580796,5.682840057826029,4.40455187170047,6.396313808847702,7.604779503772158,8.829127202172492,6.549157025239711,6.1044732596817255,7.353873677759365
S080,7.791932749307569,7.485727073765296,7.6531325830145285,9.07699301616391,7.242651223448166,7.353878702486718,8.050639369170348,7.500282348341427,9.122499304063837,6.923083109810797,9.857496270537299,13.106938225644688,7.4831620158983725,7.694924600718369,6.771998955563367,7.437922907134173,3.5753668212944483,8.091258892463543,7.876516044669301,11.579173724431033
