id,Species_001,Species_002,Species_003,Species_004,Species_005,Species_006,Species_007,Species_008,Species_009,Species_010,Species_011,Species_012
S001,0.020547197991516317,0.04992963887641879,0.004536135206858505,0.025782049390515243,0.050916360710370735,0.09383847771653218,0.15197139641880006,0.08966346083457062,0.11955748875254014,0.009554306496285865,0.050806908746391016,0.3328965788592005
S002,0.011313125916933061,0.18626068269430557,0.09295809774645454,0.053558423725628676,0.037057930702105696,0.010719747670057182,0.29105212395561536,0.009131273177180531,0.049910414346140665,0.06551731299066264,0.09601666674386891,0.09650420033104704
S003,0.03977645375719149,0.05330050614838094,0.034919752224716535,0.12819015971282244,0.02426910036761156,0.056062341660278577,0.06023799873379165,0.07195737096628096,0.07264935070800423,0.21269040492216862,0.010393618870748203,0.2355529419280048
S004,0.03526927858539047,0.1438387774081344,0.17235936827563628,0.0021870736703988344,0.0659899498894894,0.10370118205899537,0.062370952090569,0.1397701883405228,0.01649652394874917,0.07128759401542012,0.07976842009584435,0.10696069162084987
S005,0.002873208466517989,0.07854361824971735,0.0429901042723431,0.06089978871562575,0.10014296988329507,0.0060084210810140305,0.10669033611927489,0.02311509119095145,0.23375669320049905,0.055777838639134714,0.11714280544737533,0.1720591247342512
S006,0.2223048787308249,0.04278120045936767,0.0094686868013626,0.0107117867622503,0.02630287701288289,0.26464647026213756,0.007438939966032386,0.10345480422868657,0.00448169285777214,0.11281762437473661,0.14530316805152851,0.0502878704924178
S007,0.005629276229370668,0.024235186432731197,0.08577062798191264,0.08537065677473193,0.05846476590866037,0.02471289519302267,0.022192594478733806,0.09410054313563339,0.0036723016447467475,0.060144833754384924,0.3839086641739374,0.15179765429213418
S008,0.056312263575875904,0.015283753497520952,0.15757388724046428,0.11246014746217796,0.07700766839123536,0.07962938172991209,0.026718276738959015,0.1315118728575783,0.11338343462306313,0.17943894083811326,0.02624258837321662,0.0244377846718831
S009,0.02405134627113984,0.0377298164985623,0.1954345487551528,0.1223244791851679,0.027252214006489445,0.0012080740647862208,0.12842286187972213,0.09627046640298703,0.017522288979455958,0.13861186282491775,0.039984066314835316,0.1711879748167833
S010,0.019640986730819262,0.01228045715183499,0.043002563520143124,0.10576526599190357,0.09969200168789363,0.014079657691696142,0.05458515996064317,0.07847056754648912,0.017868287123803662,0.03654609820941474,0.09186777374684488,0.4262011806385136
S011,0.02128133241284311,0.0827057233921035,0.0003045886337473739,0.0665085346800801,0.029750296429916223,0.013136922443668729,0.05585592212237202,0.28719105019852975,0.13905764476202243,0.12376619905501639,0.08578901866593874,0.09465276720376169
S012,0.03195035244643087,0.039370429392385366,0.09774030854578276,0.019928920891871003,0.104237872489041,0.027260284916601752,0.10500057834916547,0.11633086671245624,0.11069798587703765,0.12771817556406215,0.058105967223363884,0.16165825759180186
S013,0.030793998562329745,0.03355250336875514,0.19789060051575463,0.02858615958715406,0.04739297781680032,0.05543704547696956,0.23335498287972264,0.01946268436616527,0.07347768482351448,0.035400708025198555,0.06616081026497918,0.17848984431265644
S014,0.12304524335323128,0.06967903565973013,0.00854364303772467,0.015585547857207878,0.020595253141228485,0.09596679251262413,0.21018802998655833,0.0701096824585238,0.11939258627885385,0.06230239378678498,0.043794468172767886,0.16079732375476458
S015,0.010780828728585845,0.18863863155575256,0.04579963806692151,0.12545384373267948,0.07682263606197355,0.022650896829154332,0.08277103682602095,0.023455711854009197,0.07359541971295364,0.14239469172595984,0.12454077805113808,0.08309588685485109
S016,0.10621322928497827,0.010988279261390203,0.016156354167477762,0.15261354484438944,0.02973793740327266,0.08193468028823579,0.006050532027564372,0.07869506566630492,0.166455906010797,0.26728221219869713,0.032129285208854,0.05174297363803853
S017,0.027738361790303458,0.010225095394278108,0.02830900402602828,0.09576759988081081,0.055572911430101096,0.06736538370860067,0.0811241538404965,0.05130447507979799,0.06295873647070745,0.11786462820557367,0.1723425316595767,0.22942711851372524
S018,0.05150718621755322,0.022544495649628203,0.026613204464728084,0.003971700365566784,0.042121959777321874,0.043048512759244824,0.11010084237031931,0.06735813220400509,0.01793999851986265,0.2701586977474003,0.1380843905140809,0.20655087941028882
S019,0.0019474413959444197,0.3247869339178618,0.026730594720537508,0.05958491944293077,0.03009406468196622,0.026472829054398576,0.026299584033050348,0.09778432087144284,0.01433845965703437,0.29774047670399345,0.04417969933920224,0.05004067618163749
S020,0.02468292199385868,0.012489212393449845,0.0191223706518816,0.3131306046636977,0.053104217787688104,0.0029374249766820656,0.11499069000894482,0.061637126090869,0.05934642423898274,0.029822393497903,0.09384557728319058,0.21489103641285198
S021,0.0002036702361976386,0.06487250403085344,0.07722446044813729,0.29228127756120004,0.08839978874404676,0.00422522024956327,0.07364098056933999,0.04975767894189057,0.1087422694169,0.10154195619441637,0.04784096743105475,0.09126922617639978
S022,0.051954070437238806,0.13176102034771767,0.0311498759658747,0.07649702266999275,0.050407280840799026,0.13446722945946904,0.0013476582580310217,0.09496868333145925,0.09266129554845604,0.08505593318878552,0.03282826406771392,0.21690166588446225
S023,0.058690315907108215,0.10331449708374672,0.02920905634247192,0.009898338290187188,0.02466121801080886,0.08900373669688268,0.06872414675804256,0.1514448083341692,0.08200566487498002,0.09769756385101068,0.10716177437636179,0.17818887947422998
S024,0.1495301942936024,0.015800400881214573,0.1913323746723716,0.13549596044374154,0.022764607304228746,0.03808761151511239,0.17939927097287814,0.013379872109864787,0.030881886299221815,0.04228842335027883,0.12296539591881211,0.05807400223867323
S025,0.01248788179014564,0.02593734972117568,0.03443585236152401,0.1764327686010245,0.07595219050634555,0.04765198237188836,0.05941707909185052,0.14899082217603962,0.024263270713370443,0.16186119721860392,0.1686260040691399,0.06394360137889187
S026,0.16851008555920644,0.009610937686936223,0.1763666439396552,0.014936561317465125,0.12082112548840704,0.0003521031073794283,0.08441072642582956,0.030576652173386953,0.03646749763507092,0.18191622253188788,0.05156312115464887,0.12446832298012643
S027,0.040366504537158614,0.017251845331354935,0.004810287982328496,0.04972904175774215,0.024753021459915696,0.2413196684425674,0.034136603642895474,0.22796671745798264,0.06991263643462368,0.12996857211962054,0.08600965052857183,0.0737754503052386
S028,0.02878444861358529,0.04095586233061755,0.03054182872427367,0.02176523761141543,0.04448535907531503,0.07998726189288749,0.04583755673555715,0.09376088126524429,0.054893967916849,0.31709735450692833,0.19153191426821395,0.050358327059112896
S029,0.00682810807201467,0.12124150280317733,0.013874429768817503,0.01954418152502004,0.057308503376405896,0.04060619081386573,0.0711779423443361,0.10739329836957541,0.053079935977363435,0.03097442908733617,0.3116139819521484,0.16635749590993937
S030,0.00647738435235561,0.07722002826895488,0.03276617439499497,0.010498403388383955,0.01926569591895767,0.1621539204837091,0.09677448537347387,0.16024711239128456,0.14140561698604137,0.06111540507852564,0.045597667015305314,0.18647810634801318
S031,0.030481403470411304,0.09077208180777696,0.16277219904137535,0.03934165745557918,0.02274594852050785,0.013909046170986313,0.053336481435431106,0.15015486080336138,0.15079329578322243,0.08528930928705318,0.04416155097455496,0.15624216524974
S032,0.04542226844223711,0.0872425304715777,0.07152912840555155,0.12068731680242041,0.03168265076701557,0.004631642726883979,0.02762251567741369,0.07179389407742442,0.2034776710038466,0.007416557874354925,0.19458840005024552,0.13390542370102862
S033,0.024223190754944307,0.10051498647865685,0.012177294677762102,0.10537368194192219,0.041660166052354515,0.02246394112627054,0.14743110812475602,0.007769369902869202,0.231338708963154,0.03575856589258609,0.12550639365306568,0.14578259243165845
S034,0.13198465306241736,0.05548236317178568,0.18139919342005478,0.04893830561074897,0.1377455323047565,0.06700385182542559,0.03364412714721988,0.032588028908979674,0.03623369833219326,0.023439595158125614,0.08097667064505445,0.1705639804132381
S035,0.03933748143733259,0.22940828610629027,0.018734133985201164,0.049869950307737575,0.008954629697641214,0.09980731809445056,0.05548665860357403,0.191467468288659,0.10621553001586802,0.1294674140809398,0.03876670012791921,0.03248442925438679
S036,0.02497161923804741,0.00013847404281905004,0.19677334941581626,0.07326801705911216,0.19072531067281684,0.04376964565894656,0.00789788011233756,0.029395915821178075,0.13969405717624153,0.13177298190482245,0.07615397011880375,0.08543877877905856
S037,0.022544738656581242,0.10317403451480786,0.07438622184188363,0.05379854153464971,0.052606981995855194,0.06409273734082829,0.02273594029718366,0.0764657553556825,0.05873330447511939,0.2492379160401322,0.025731652241630355,0.19649217570564598
S038,0.007928789520031263,0.04555326976601193,0.070147457018932,0.04735009774382602,0.07527345561967012,0.13089068906605492,0.055401670999704326,0.09614642071648746,0.02142939137382562,0.344653911787288,0.05842923791378091,0.046795608474387414
S039,0.0757153631708411,0.14007279048411908,0.025055738002284104,0.04797978751391643,0.15348007704643127,0.11087360644122467,0.02050374438666888,0.10425725412871441,0.027794156333733548,0.02425925252764031,0.21053123727745163,0.059476992686974435
S040,0.03057288189295585,0.020123542254632233,0.026273563597234303,0.003540729399422626,0.05129942034227344,0.041012650088455026,0.06436670866989597,0.037092371469413375,0.13309837864632829,0.2774933356628179,0.12520037539431716,0.18992604258225387
S041,0.02525298182683797,0.05708064314105548,0.10104307598873678,0.04625994958032946,0.08711699078354553,0.1912449951060513,0.06606720367049128,0.1867314799023292,0.09182128254021109,0.04298034765024703,0.03804125767722855,0.06635979213293637
S042,0.015861841663565062,0.0016143163908649363,0.0022418972637633858,0.1028329926753462,0.0017757415346492938,0.1915055900435842,0.05706768663779295,0.0839106698906211,0.1219606809277455,0.2556632654072345,0.07993276228630615,0.08563255527852666
S043,0.07169124681827717,0.015330327340502513,0.00505886400931645,0.05069482310383909,0.03213801569449041,0.016473761144814823,0.15792167234120974,0.11829226735535939,0.28104752067437977,0.05213567172823649,0.0220338284985361,0.177182001291038
S044,0.09448588755220966,0.030043981649306484,0.029315538742860848,0.030985237423423927,0.06442721152096122,0.012876413414609192,0.041362898698543586,0.24505462996886782,0.03908490882769191,0.15663954745617742,0.07488113464449407,0.18084261010085395
S045,0.030929524476420934,0.11541035521775835,0.036528116585104665,0.01135279174212845,0.015935367847826738,0.14913333324799422,0.1203983397635963,0.08229665773211417,0.15656111320230667,0.03040984433047251,0.03671272356006297,0.21433183229421401
S046,0.10166601350651991,0.06626205021848544,0.03131584825405396,0.020981119273702182,0.11557284543849689,0.0936934838565882,0.009726918494611247,0.1479362253507707,0.1709584153268741,0.09565732093021631,0.04753408586876878,0.09869567348091217
S047,0.03398918971642571,0.0104027030685365,0.031104566409652725,0.033471386178532514,0.13167516794654058,0.15767259715549134,0.0294070535526353,0.03328290728735378,0.07637347313826191,0.2615480992901585,0.1681178671945714,0.03295498906183996
S048,0.07543753933345529,0.051407053018375184,0.029570397354663155,0.0017981399688807558,0.11216053466947862,0.04287253120822879,0.24828996597251465,0.06083132352177565,0.01274697334535268,0.06894465616113692,0.16762259693398684,0.12831828851215166
S049,0.00025977633370494684,0.06575582873361353,0.043586539756379404,0.05144213037675526,0.12917475151117483,0.12046516833566578,0.09709552932897948,0.04305434697568665,0.05822589446794065,0.0953205028549619,0.19356998392229804,0.10204954740283947
S050,0.12045457306005616,0.15838091374173247,0.007655031596000113,0.014325716312240524,0.029974321545212613,0.028945219242311648,0.15700667944457147,0.11778105117349374,0.07931698456492307,0.08913450455251283,0.17959854979336604,0.017426454973579284
S051,0.00875078807016278,0.03898278817338814,0.12989954729744743,0.13028355357478216,0.14912021372108306,0.04015231057931796,0.09789062691187775,0.042058288296097715,0.04143841555234144,0.10535081818865168,0.12695044425201352,0.08912220538283645
S052,0.04211703324558987,0.11664910793788787,0.03983190443037447,0.03215463399948782,0.17758568644729955,0.0193759140923966,0.15877804920539842,0.07442156359413389,0.030780561949445923,0.12619610144137725,0.025046779261725088,0.1570626643948832
S053,0.08010461391141767,0.12113435192614856,0.017016652953269838,0.018784068982175446,0.10699352700142546,0.11443466524386697,0.036347346632799316,0.22118176853679522,0.05579311673014527,0.06650393430769423,0.09556250673453724,0.06614344703972487
S054,0.018584684946829688,0.12775557838104978,0.009547328484019294,0.02394710343243281,0.06631874015256221,0.2509426141323887,0.07558575767706197,0.03043329408255425,0.1664609816931998,0.02651169385432772,0.05571069778427942,0.14820152537929437
S055,0.01476315638738312,0.030287951554418942,0.07545662260222767,0.027745938341657755,0.021361867965701345,0.0574636771266356,0.05869916338091453,0.1627217748073576,0.0978695263549482,0.09782729360940771,0.1452129647254441,0.21059006314390344
S056,0.13882181247807146,0.09306928457019303,0.021153769508837388,0.016514763624460915,0.022645031967172363,0.05839298702190855,0.14375687258795902,0.04747210773958335,0.09355712213217572,0.2252003772167609,0.1084500965929927,0.030965774559884512
S057,0.019614400278286617,0.005298465893040115,0.013961186078590098,0.047602320258908384,0.006338254820668987,0.06433194658218853,0.02319786099680054,0.3766080856296849,0.02796823392235529,0.1340484558714218,0.10597088922984257,0.17505990043821215
S058,0.04776556060439184,0.03765800233101345,0.033456234284492556,0.04549752799870103,0.0629739028397672,0.024785978775484364,0.07048589343587863,0.03281841821600113,0.08508611972502808,0.06043266743055636,0.4677192629845299,0.03132043137415537
S059,0.02213666459880973,0.007920755837519552,0.22571577719222377,0.05978664545619861,0.0321879833176743,0.014887347148444599,0.17080717570234252,0.13819667531464058,0.14707804404613808,0.11061286033864705,0.04035400159877409,0.030316069448586995
S060,0.17553823483078096,0.020843764224514037,0.07502390357068522,0.24911155728055448,0.024991592963993052,0.0038754162172486076,0.04812054258387966,0.13548817172420888,0.07035564563958856,0.10614358237051626,0.08225050688391615,0.008257081710114212
S061,0.0012781520176019814,0.010575331133929236,0.047184651295069505,0.09621220322546792,0.01517788435099701,0.12318425890514659,0.03995239435596569,0.050551357625456234,0.10834937871593701,0.06520493306762787,0.21991434916472466,0.2224151061420764
S062,0.0037729746635418887,0.0039333109161418375,0.05138912569325075,0.011106700924115469,0.06658110834734046,0.09354471659785292,0.1320805497773862,0.03573227450980587,0.3972121581690643,0.01061778250902566,0.06268012625078886,0.13134917164168577
S063,0.027875341698230832,0.09104599316754056,0.02729248468493273,0.12854273229488433,0.05704684152616226,0.04000304334776895,0.04774865754064165,0.09131717289857565,0.1293321543502504,0.12426714634953297,0.16988859861113084,0.0656398335303489
S064,0.09194483869605097,0.04325488041262114,0.03178108373128592,0.14424952159571325,0.09465370555556435,0.06365998980334805,0.13129642577667403,0.07189949235868678,0.24088164157912018,0.044055928490549276,0.02083089557312255,0.021491596427263546
S065,0.07087182476778726,0.07890315096857159,0.014303631042267683,0.1758838610732801,0.05210598594162561,0.06269633324696287,0.08137507030275874,0.027617394559315757,0.03219634203938457,0.022130073449582545,0.2654232532607756,0.11649307934768781
S066,0.1485831665389722,0.04033327872080315,0.05349254535115107,0.08666182916543262,0.09528042767293751,0.33581316258665994,0.01446961126775093,0.04423533202256743,0.05883377487795052,0.031036045783650913,0.021116633918447602,0.07014419209367599
S067,0.06371229692280062,0.06112687934385115,0.039457653875602614,0.0732685193394566,0.23028250777418635,0.06960257191251779,0.034423498110070616,0.04263674130639579,0.12551082714205244,0.07652986246773792,0.0783215583932453,0.1051270834120829
S068,0.016500861674149495,0.12645039955285772,0.01709220142908083,0.08310402978647442,0.06660011565320555,0.03369175763764222,0.10900993951621997,0.10368945165506571,0.29872117720072205,0.12230588781911007,0.018575669932222302,0.004258508143249682
S069,0.009947746191769693,0.08162749631817219,0.14664303695460654,0.0002221014999590166,0.10606993779004702,0.026211178899851455,0.05105114707275128,0.04943405937665715,0.05683745026947137,0.20746871130347608,0.06071467894263406,0.20377245538060407
S070,0.15599691622662543,0.08015951397049287,0.016360824788780915,0.03289026840066819,0.12730324900694684,0.03415452586703686,0.1452371310685054,0.07154003195615592,0.08125793955866531,0.03543083263215745,0.10226416017694179,0.11740460634702315
S071,0.04353765199638611,0.1889032487250843,0.01087096864038251,0.03717851821904617,0.028885266830959943,0.0334712400891708,0.11476669359933889,0.03143399670455454,0.1905913649557469,0.18829593885772275,0.038562695802187824,0.09350241557941935
S072,0.13863793602527266,0.03814999471566772,0.025268718624305492,0.016118943543058466,0.0986320629936185,0.03900211796903108,0.1348298501135489,0.143462143392726,0.11863285137748618,0.08247508658790988,0.04327681281802466,0.12151348183935051
S073,0.020908141389831277,0.23959725328759635,0.020529538280600484,0.03831875868154253,0.10094397474657998,0.03500939514485902,0.033786415904870436,0.11756179802405084,0.06257193370518474,0.0091098794612378,0.18549251812811823,0.13617039324552818
S074,0.011166597798847317,0.005797347918872992,0.08383421657603295,0.036101239156496115,0.11146217117411888,0.0906288803202549,0.09274455307229894,0.14598323424516468,0.19671747412185095,0.013388590303085493,0.06710720082767416,0.14506849448530262
S075,0.05665607623242775,0.08281056490271835,0.024352298752432985,0.010603540124136916,0.008280601847879128,0.22367099039570673,0.03211706043411338,0.04933192444442619,0.10572187354929284,0.11407518714419858,0.2324148150458984,0.05996506712676879
S076,0.04404553862900671,0.0319862855884684,0.16445529589907737,0.09943899591620387,0.15891830086728786,0.015731681903211746,0.0874569084228315,0.07209846902397188,0.04192520948044327,0.029445590908930997,0.2011250771320757,0.05337264622849058
S077,0.061213240750376055,0.06354432671326361,0.12561083264464468,0.018782000581709223,0.19034128307071566,0.08178738231451244,0.025503328228592654,0.053879981239778406,0.11075050030728065,0.07228420889128183,0.05275754076984537,0.14354537448799942
S078,0.1337540280590094,0.0010188944305359285,0.04016920611375041,0.0243062637206746,0.02058003739211649,0.04722451484280066,0.052716781924252,0.10045984969968247,0.1009884959117385,0.20544791971100557,0.1616342848342856,0.11169972336014833
S079,0.023485196782899887,0.033857831635303655,0.07381889936925319,0.07594210170176702,0.17615864967676073,0.11898194276854772,0.1186504908284009,0.11593089430448131,0.029559504701947653,0.1918239461257267,0.012620049040229819,0.02917049306468128
S080,0.09401273110937851,0.05624708426855789,0.07594011737345903,0.16643488442576096,0.12678565582009094,0.026510871156354653,0.02834305375274202,0.07827290299711717,0.05849477546189768,0.023140137214584217,0.06189609906254878,0.2039216873575081
